quarter,video_sec,clock,raw_text
"1Q","2","08:51","1st 8:51-10"
"1Q","6","08:51","1st 8:51"
"1Q","7","08:51","1st 8:51"
"1Q","8","08:51","1st 8:51"
"1Q","9","08:51","1st 8:51"
"1Q","10","08:51","1st 8:51"
"1Q","11","08:51","1st 8:51"
"1Q","12","08:51","1st 8:51"
"1Q","13","08:51","1st 8:51"
"1Q","14","08:51","1st 8:51"
"1Q","15","08:51","1st 8:51"
"1Q","16","08:51","1st 8:51"
"1Q","17","08:51","1st 8:51"
"1Q","18","08:51","1st 8:51"
"1Q","19","08:51","1st 8:51"
"1Q","20","08:51","1st 8:51 10"
"1Q","21","08:51","1st 8:51"
"1Q","22","08:51","1st 8:51"
"1Q","27","08:49","1st 8:49 23"
"1Q","28","08:48","1st 8:48 22"
"1Q","29","08:47","1st 8:47 21"""
"1Q","30","08:46","1st- 8:46 20"
"1Q","31","08:45","1st 8:45 19wi"
"1Q","32","08:44","1st- 8:44 W"""
"1Q","33","08:43","1st 8:43"
"1Q","34","08:42","1st 8:42 161"
"1Q","35","08:41","1st 8:41"
"1Q","36","08:40","1st- 8:40 14"
"1Q","37","08:39","1st 8:39 11"""
"1Q","38","08:38","1st 8:38 2"""
"1Q","39","08:37","1st 8:37"
"1Q","40","08:36","1st 8:36 10"""
"1Q","41","08:35","1st 8:35 24"
"1Q","42","08:34","1st 8:34 23"
"1Q","43","08:33","1st 8:33"
"1Q","44","08:32","1st 8:32"
"1Q","45","08:31","1st 8:31"
"1Q","46","08:30","1st 8:30- Tr"""
"1Q","47","08:29","1st 8:29 18"
"1Q","48","08:28","1st- 8:28 17"
"1Q","49","08:27","1st 8:27 16•"
"1Q","50","08:26","1st 8:26"
"1Q","51","08:25","1st- 8:25 14"
"1Q","52","08:24","1st 8:24 fl"
"1Q","53","08:23","1st 8:23"
"1Q","54","08:22","1st 8:22"
"1Q","55","08:21","1st 8:21"
"1Q","56","08:20","•r 1st 8:20 24"
"1Q","57","08:19","1st 8:19"
"1Q","58","08:18","1st 8:18"
"1Q","59","08:17","1st 8:17"
"1Q","60","08:16","1st 8:16"
"1Q","61","08:15","1st 8:15"
"1Q","62","08:14","1st 8:14"
"1Q","63","08:13","1st 8:13"
"1Q","64","08:12","1st - 8:12"
"1Q","65","08:11","1st 8:11"
"1Q","66","08:10","1st 8:10 24"
"1Q","69","08:09","1st 8:09 24"
"1Q","70","08:09","1st 8:09 24"
"1Q","71","08:09","1st 8:09 24"
"1Q","72","08:09","1st 8:09 24"
"1Q","73","08:09","1st 8:09 24"
"1Q","91","08:09","1st 8:09 24"
"1Q","92","08:08","1st-8:08 23"
"1Q","93","08:07","1st- 8:07-"
"1Q","94","08:06","1st 8:06 21-"
"1Q","95","08:05","1st 8:05 a)"
"1Q","96","08:04","1st 8:04 *-"
"1Q","101","07:59","1st 7:59"
"1Q","102","07:58","1st-7:58"
"1Q","103","07:57","1st 7:57"
"1Q","104","07:56","1st 7:56"
"1Q","105","07:55","1st 7:55"
"1Q","106","07:54","1st 7:54"
"1Q","107","07:53","1st- 7:53"
"1Q","108","07:52","1st- 7:52"
"1Q","109","07:51","1st 7:51"
"1Q","110","07:50","1st 7:50 """
"1Q","111","07:49","1st 7:49 24"
"1Q","112","07:48","1st 7:48 -24"
"1Q","113","07:47","1st 7:47 24"
"1Q","114","07:46","1st 7:46 23"
"1Q","115","07:45","1st 7:45 23"
"1Q","116","07:44","1st 7:44 22"
"1Q","117","07:43","1st 7:43 a)"
"1Q","118","07:42","1st 7:42 a)"
"1Q","119","07:41","1st 7:41"
"1Q","120","07:40","1st 7:40"
"1Q","121","07:39","1st 7:39 23"
"1Q","122","07:38","1st 7:38 - 22"
"1Q","123","07:37","1st 7:37 21"
"1Q","124","07:36","1st-7:36 -_ 20"
"1Q","125","07:35","1st 7:35"
"1Q","126","07:34","1st 7:34"
"1Q","127","07:33","1st 7:33"
"1Q","128","07:32","1st 7:32 24"
"1Q","129","07:31","1st 7:31"
"1Q","130","07:30","1st- 7:30 22"
"1Q","131","07:29","1st 7:29"
"1Q","132","07:28","1st 7:28 -"
"1Q","133","07:27","1st 7:27"
"1Q","134","07:26","1st 7:26 * r"
"1Q","135","07:25","1st 7:25"
"1Q","136","07:24","1st 7:24"
"1Q","137","07:23","1st 7:23"
"1Q","138","07:22","1st 7:22"
"1Q","139","07:21","1st 7:21"
"1Q","140","07:20","1st 7:20 ?j"
"1Q","141","07:19","1st 7:19 11- r"
"1Q","142","07:18","1st 7:18 10"""
"1Q","143","07:17","1st 7:17"
"1Q","144","07:16","1st 7:16"
"1Q","145","07:15","1st 7:15"
"1Q","146","07:14","1st 7:14"
"1Q","147","07:14","1st 7:14"
"1Q","148","07:14","1st 7:14"
"1Q","149","07:14","1st 7:14"
"1Q","150","07:14","1st 7:14"
"1Q","151","07:14","1st 7:14"
"1Q","169","07:14","1st 7:14 10"
"1Q","170","07:14","1st 7:14 10"
"1Q","171","07:14","1st 7:14 -10"
"1Q","172","07:14","1st 7:14 -10"
"1Q","173","07:14","1st 7:14 10"
"1Q","174","07:14","1st 7:14"
"1Q","175","07:14","1st 7:14"
"1Q","176","07:14","1st 7:14"
"1Q","177","07:14","1st 7:14"
"1Q","178","07:14","1st 7:14 J o"
"1Q","179","07:14","1st 7:14"
"1Q","180","07:14","1st 7:14 10"
"1Q","181","07:14","1st 7:14"
"1Q","182","07:14","1st 7:14"
"1Q","183","07:14","1st 7:14"
"1Q","184","07:14","1st 7:14 J o"
"1Q","185","07:14","1st 7:14 J o"
"1Q","186","07:14","1st 7:14 10"
"1Q","187","07:14","1st 7:14 10"
"1Q","188","07:14","1st 7:14"
"1Q","189","07:14","1st 7:14"
"1Q","190","07:14","1st 7:14 10."
"1Q","191","07:14","1st 7:14 10.."
"1Q","192","07:14","1st 7:14 -J o"
"1Q","193","07:14","1st 7:14 J o"
"1Q","194","07:14","1st 7:14 -J D"
"1Q","195","07:14","1st 7:14 - J"
"1Q","196","07:14","1st 7:14 J o"
"1Q","197","07:14","1st 7:14"
"1Q","198","07:14","1st 7:14 -10"
"1Q","199","07:14","1st 7:14 J o"
"1Q","200","07:14","1st 7:14 J o"
"1Q","201","07:14","1st 7:14 J o"
"1Q","202","07:14","1st 7:14 J o"
"1Q","203","07:14","1st 7:14"
"1Q","204","07:14","1st 7:14 24"
"1Q","205","07:14","1st 7:14 24"
"1Q","206","07:14","1st 7:14"
"1Q","207","07:13","1st 7:13"
"1Q","208","07:12","1st 7:12"
"1Q","209","07:11","1st 7:11"
"1Q","210","07:10","1st 7:10"
"1Q","211","07:09","1st 7:09 18"
"1Q","212","07:08","1st 7:08"
"1Q","213","07:07","1st 7:07"
"1Q","214","07:06","1st 7:06 16¥"
"1Q","215","07:05","1st 7:05"
"1Q","216","07:04","1st 7:04"
"1Q","217","07:03","1st 7:03"
"1Q","218","07:02","1st 7:02"
"1Q","219","07:01","1st 7:01"
"1Q","220","07:00","1st 7:00"
"1Q","221","06:59","1st 6:59 8-1"
"1Q","222","06:58","1st 6:58"
"1Q","223","06:57","1st 6:57"
"1Q","224","06:56","1st 6:56"
"1Q","225","06:56","1st 6:56 4 5"
"1Q","226","06:54","1st 6:54-'4.0"
"1Q","227","08:53","1st 8:53 J3,J"
"1Q","228","06:52","1st 6:52 12.1"
"1Q","229","06:51","1st 6:51 1.0"
"1Q","230","08:50","1st 8:50 iO.I"
"1Q","231","06:49","1st 6:49 24"
"1Q","232","06:48","1st 6:48"
"1Q","233","06:47","1st 6:47 24"
"1Q","234","06:46","1st 6:46 24"
"1Q","235","06:45","1st 6:45 24"
"1Q","236","06:44","1st 6:44 23"
"1Q","237","06:43","1st 6:43 22"
"1Q","238","06:42","1st 6:42 21"
"1Q","239","06:41","1st 6:41"
"1Q","240","06:40","1st 6:40-19"
"1Q","241","06:39","1st 6:39"
"1Q","242","06:38","1st 6:38"
"1Q","243","06:37","1st 6:37"
"1Q","244","06:36","1st 6:36"
"1Q","245","06:35","1st 6:35 M"
"1Q","246","06:34","1st 6:34"
"1Q","247","06:33","1st 6:33"
"1Q","248","06:32","1st 6:32"
"1Q","249","06:31","1st 6:31"
"1Q","250","06:30","1st 6:30"
"1Q","251","06:29","1st 6:29 24"
"1Q","252","06:28","1st 6:28 23"
"1Q","253","06:27","1st 6:27 22"
"1Q","254","06:26","1st 6:26 21-"
"1Q","255","06:25","1st 6:25 ai"
"1Q","256","06:24","1st 6:24"
"1Q","257","06:23","1st 6:23"
"1Q","258","06:22","1st 6:22"
"1Q","259","06:21","1st 6:21"
"1Q","260","06:20","1st 6:20"
"1Q","261","06:19","1st 6:19"
"1Q","262","06:18","1st 6:18"
"1Q","263","06:17","1st 6:17"
"1Q","264","06:16","1st 6:16"
"1Q","265","06:15","1st 6:15"
"1Q","266","06:14","1st 6:14"
"1Q","267","06:13","1st 6:13 Tr¥."
"1Q","268","06:12","1st 6:12 2"
"1Q","269","06:11","1st 6:11"
"1Q","270","06:10","1st 6:10 KI"
"1Q","272","06:08","1st 6:08"
"1Q","273","06:07","1st 6:07 24"
"1Q","274","06:06","1st 6:06 24"
"1Q","275","06:05","1st 6:05 24"
"1Q","276","06:04","1st 6:04 24"
"1Q","277","06:03","""1st 6:03-23"
"1Q","278","06:02","1st 6:02 22"
"1Q","279","06:01","1st 6:01"
"1Q","280","06:00","1st - 6:00-al"
"1Q","281","06:59","1st 6:59 19"
"1Q","282","05:58","1st 5:58"
"1Q","283","05:57","1st 5:57"
"1Q","284","05:56","1st 5:56"
"1Q","285","05:55","1st 5:55"
"1Q","286","05:54","1st 5:54"
"1Q","287","05:53","1st 5:53"
"1Q","288","05:52","1st 5:52"
"1Q","289","05:51","1st 5:51 POINTS"
"1Q","290","05:50","1st 5:50"
"1Q","291","05:50","1st 5:50"
"1Q","292","05:50","1st 5:50"
"1Q","293","05:50","1st 5:50"
"1Q","294","05:50","1st 5:50"
"1Q","295","05:50","1st 5:50"
"1Q","296","05:50","1st 5:50 KI"""
"1Q","297","05:50","1st 5:50"
"1Q","298","05:50","1st 5:50"
"1Q","310","05:50","1st 5:50 14"
"1Q","311","05:50","1st 5:50 14-"
"1Q","312","05:50","1st 5:50"
"1Q","313","05:50","1st 5:50"
"1Q","314","05:50","1st 5:50"
"1Q","315","05:50","1st 5:50"
"1Q","316","05:49","1st 5:49 2"""
"1Q","317","05:48","1st 5:48"
"1Q","318","05:47","1st 5:47"
"1Q","319","05:46","1st 5:46"
"1Q","320","05:45","1st 5:45 24"
"1Q","321","05:44","1st 5:44 23"
"1Q","322","05:43","1st 5:43- 22"
"1Q","323","05:42","1st 5:42 21"
"1Q","324","05:41","1st 5:41"
"1Q","325","05:40","1st 5:40 19"
"1Q","326","05:39","1st 5:39"
"1Q","327","05:38","1st 5:38"
"1Q","328","05:37","1st 5:37"
"1Q","329","05:36","1st 5:36 16"
"1Q","330","05:35","1st 5:35"
"1Q","331","05:34","1st 5:34"
"1Q","332","05:33","1st 5:33"
"1Q","333","05:32","1st 5:32"
"1Q","334","05:31","1st 5:31"
"1Q","335","05:30","1st 5:30"
"1Q","336","05:29","1st 5:29"
"1Q","337","05:28","1st 5:28"
"1Q","339","05:26","1st 5:26"
"1Q","340","05:25","1st 5:25 J 5"
"1Q","341","05:24","1st 5:24 4 0"
"1Q","344","05:21","1st 5:21"
"1Q","345","05:20","1st 5:20 21"""
"1Q","346","05:19","1st 5:19"
"1Q","347","05:18","1st 5:18"
"1Q","348","05:17","1st 5:17"
"1Q","349","05:16","1st 5:16"
"1Q","350","05:15","1st 5:15"
"1Q","351","05:14","1st 5:14"
"1Q","352","05:13","1st 5:13"
"1Q","353","05:12","1st 5:12"
"1Q","354","05:11","1st 5:11"
"1Q","355","05:10","1st 5:10"
"1Q","356","05:09","1st 5:09"
"1Q","357","05:08","1st 5:08 W-"
"1Q","358","05:07","1st 5:07"
"1Q","359","05:06","1st 5:06"
"1Q","360","05:05","1st 5:05 24"
"1Q","361","05:04","1st 5:04 24"
"1Q","362","05:03","1st 5:03 24"
"1Q","363","05:02","1st 5:02 24"
"1Q","364","05:01","1st 5:01"
"1Q","365","05:00","1st 5:00"
"1Q","366","04:59","1st 4:59 21"
"1Q","367","04:58","1st 4:58 20"
"1Q","368","04:57","1st 4:57"
"1Q","369","04:56","1st 4:56 18v ."
"1Q","370","04:55","1st 4:55"
"1Q","371","04:54","1st 4:54"
"1Q","372","04:53","1st 4:53"
"1Q","373","04:52","1st 4:52 14-"
"1Q","374","04:51","1st 4:51 f3"
"1Q","375","04:50","1st 4:50 2"""
"1Q","376","04:49","1st 4:49"
"1Q","377","04:48","1st 4:48 W-"
"1Q","378","04:47","1st 4:47"
"1Q","379","04:46","1st 4:46"
"1Q","380","04:45","1st 4:45"
"1Q","381","04:44","1st 4:44"
"1Q","382","04:43","1st 4:43 J 5"
"1Q","383","04:42","1st 4:42 '4.2"
"1Q","384","04:41","1st 4:41 '12"
"1Q","385","04:40","1st 4:40-.2:2"
"1Q","386","04:39","1st 4:39"
"1Q","387","04:38","1st 4:38 24"
"1Q","388","04:37","1st 4:37 24"
"1Q","389","04:37","1st 4:37 24"
"1Q","390","04:37","1st 4:37 24"
"1Q","391","04:37","1st 4:37 24"
"1Q","401","04:36","1st 4:36 23"
"1Q","402","04:35","1st 4:35 22"
"1Q","403","04:34","1st 4:34"
"1Q","404","04:33","1st- 4:33 ai"
"1Q","405","04:32","1st 4:32"
"1Q","406","04:31","1st 4:31"
"1Q","407","04:30","1st 4:30"
"1Q","408","04:29","1st 4:29"
"1Q","409","04:28","1st 4:28"
"1Q","410","04:27","1st 4:27"
"1Q","411","04:26","1st 4:26 f3"
"1Q","412","04:25","1st 4:25-"
"1Q","413","04:24","1st 4:24"
"1Q","414","04:23","1st 4:23 24"
"1Q","415","04:22","1st 4:22 24"
"1Q","416","04:21","1st 4:21 24"
"1Q","417","04:20","1st 4:20 23"
"1Q","418","04:19","1st 4:19"
"1Q","419","04:18","1st 4:18"
"1Q","420","04:17","1st 4:17"
"1Q","421","04:16","1st 4:16"
"1Q","422","04:15","1st 4:15 18"
"1Q","423","04:14","1st 4:14"
"1Q","424","04:13","1st 4:13"
"1Q","425","04:12","1st 4:12"
"1Q","426","04:11","1st 4:11"
"1Q","427","04:10","1st 4:10 fl"
"1Q","428","04:10","1st 4:10"
"1Q","429","04:10","1st 4:10"
"1Q","430","04:10","1st 4:10"
"1Q","431","04:10","1st 4:10"
"1Q","432","04:10","1st 4:10"
"1Q","433","04:10","1st 4:10"
"1Q","434","04:10","1st 4:10"
"1Q","435","04:10","1st 4:10"
"1Q","447","04:10","1st 4:10"
"1Q","448","04:10","1st 4:10"
"1Q","449","04:10","1st 4:10"
"1Q","450","04:10","1st 4:10"
"1Q","451","04:10","1st 4:10"
"1Q","452","04:10","1st 4:10"
"1Q","453","04:10","1st 4:10"
"1Q","454","04:10","1st 4:10"
"1Q","455","04:10","1st 4:10"
"1Q","456","04:10","1st 4:10"
"1Q","457","04:10","1st 4:10"
"1Q","458","04:10","1st 4:10"
"1Q","459","04:10","1st 4:10"
"1Q","460","04:10","1st 4:10"
"1Q","461","04:10","1st 4:10"
"1Q","462","04:10","1st 4:10"
"1Q","538","04:07","1st 4:07"
"1Q","539","04:06","1st 4:06 10-"
"1Q","540","04:05","1st 4:05"
"1Q","541","04:04","1st 4:04"
"1Q","542","04:03","1st 4:03"
"1Q","543","04:02","1st 4:02"
"1Q","545","04:00","1st 4:00""'4.2"
"1Q","546","03:59","1st 3:59 3.2"
"1Q","547","03:58","1st 3:58 .2:2"
"1Q","548","03:57","1st 3:57 J"
"1Q","549","03:56","1st 3:56- 02"
"1Q","550","03:55","1st 3:55 24"
"1Q","551","03:54","1st 3:54 24"
"1Q","552","03:53","1st 3:53 24"
"1Q","553","03:52","1st 3:52 23"
"1Q","554","03:51","1st 3:51"
"1Q","555","03:50","1st 3:50 21"
"1Q","556","03:49","1st 3:49 'ai"
"1Q","557","03:48","1st 3:48 19-"
"1Q","558","03:47","1st 3:47 18"
"1Q","559","03:46","1st 3:46"
"1Q","560","03:45","1st 3:45"
"1Q","561","03:44","1st 3:44 %-"
"1Q","562","03:43","1st 3:43"
"1Q","563","03:42","1st 3:42 11"
"1Q","566","03:39","1st 3:39 Kli"
"1Q","567","03:38","1st 3:38"
"1Q","568","03:37","1st 3:37"
"1Q","570","03:35","1st 3:35 23"
"1Q","571","03:34","1st 3:34 22"
"1Q","572","03:33","1st 3:33"
"1Q","573","03:32","1st 3:32 JJ"
"1Q","574","03:31","1st 3:31"
"1Q","575","03:30","1st 3:30"
"1Q","576","03:29","1st 3:29"
"1Q","577","03:28","1st 3:28"
"1Q","578","03:27","1st 3:27"
"1Q","579","03:26","1st 3:26"
"1Q","586","03:19","1st 3:19 24"
"1Q","587","03:18","1st 3:18 24"
"1Q","589","03:16","1st 3:16 24"
"1Q","590","03:15","1st 3:15 24"
"1Q","591","03:14","1st 3:14 ••• ••"
"1Q","592","03:13","1st 3:13"
"1Q","593","03:12","1st 3:12"
"1Q","594","03:11","1st 3:11"
"1Q","595","03:10","1st 3:10"
"1Q","596","03:09","1st 3:09 19"""
"1Q","597","03:08","1st 3:08- W-"
"1Q","598","03:07","1st 3:07 17"
"1Q","603","03:02","1st-3:02 2"
"1Q","606","02:59","1st 2:59 24"
"1Q","607","02:58","1st 2:58 24"
"1Q","608","02:57","1st 2:57 24"
"1Q","609","02:56","1st 2:56 23"
"1Q","611","02:54","1st 2:54"
"1Q","612","02:53","1st 2:53 20"
"1Q","613","02:52","1st 2:52"
"1Q","614","02:51","1st 2:51"
"1Q","615","02:50","1st 2:50 LD LiOAIS"
"1Q","616","02:49","1st 2:49"
"1Q","617","02:48","1st 2:48"
"1Q","618","02:47","1st 2:47"
"1Q","619","02:46","1st 2:46"
"1Q","620","02:45","1st 2:45"
"1Q","621","02:44","1st 2:44"
"1Q","622","02:43","1st 2:43"
"1Q","623","02:42","1st 2:42"
"1Q","624","02:41","1st 2:41"
"1Q","625","02:40","1st 2:40"
"1Q","626","02:39","1st 2:39"
"1Q","627","02:38","1st 2:38"
"1Q","628","02:37","1st 2:37 10"
"1Q","629","02:36","1st 2:36"
"1Q","630","02:35","1st 2:35 T2F"
"1Q","631","02:34","1st 2:34"
"1Q","632","02:33","1st 2:33"
"1Q","633","02:33","1st 2:33"
"1Q","634","02:33","1st 2:33"
"1Q","635","02:33","1st 2:33"
"1Q","636","02:33","1st 2:33"
"1Q","637","02:33","1st 2:33"
"1Q","652","02:33","1st 2:33"
"1Q","653","02:33","1st 2:33"""
"1Q","654","02:33","1st 2:33"
"1Q","655","02:33","1st 2:33"
"1Q","656","02:33","1st 2:33"
"1Q","657","02:33","1st 2:33"
"1Q","658","02:33","1st 2:33"
"1Q","659","02:33","1st 2:33"
"1Q","660","02:33","1st 2:33"
"1Q","661","02:33","1st 2:33"
"1Q","662","02:33","1st 2:33"
"1Q","663","02:33","1st 2:33 10"
"1Q","664","02:33","1st 2:33"
"1Q","665","02:33","1st 2:33"
"1Q","666","02:33","1st 2:33 10"
"1Q","667","02:33","1st 2:33"
"1Q","668","02:33","1st 2:33"
"1Q","669","02:33","1st 2:33 7 0"
"1Q","670","02:33","1st 2:33 10"
"1Q","671","02:33","1st 2:33"
"1Q","672","02:33","1st 2:33"
"1Q","673","02:33","1st 2:33"
"1Q","674","02:33","1st 2:33"
"1Q","675","02:33","1st 2:33"
"1Q","676","02:33","1st 2:33 10"
"1Q","677","02:33","1st 2:33 10"
"1Q","678","02:33","1st 2:33 1 0"
"1Q","679","02:33","1st 2:33 1 o ,J"
"1Q","680","02:33","1st 2:33"
"1Q","681","02:33","1st 2:33-"
"1Q","682","02:33","1st 2:33"
"1Q","683","02:33","1st 2:33"
"1Q","684","02:33","1st 2:33"
"1Q","685","02:33","1st 2:33"
"1Q","686","02:33","1st 2:33"
"1Q","687","02:33","1st 2:33"
"1Q","688","02:33","1st 2:33 10"
"1Q","689","02:33","1st 2:33-101"
"1Q","690","02:33","1st 2:33"
"1Q","691","02:33","1st 2:33"
"1Q","692","02:33","1st 2:33"
"1Q","693","02:33","1st 2:33"
"1Q","694","02:33","1st 2:33"
"1Q","695","02:33","1st 2:33"
"1Q","696","02:33","1st 2:33"
"1Q","697","02:33","1st 2:33"
"1Q","698","02:33","1st 2:33"
"1Q","699","02:33","1st 2:33"
"1Q","700","02:33","1st 2:33 24"
"1Q","701","02:33","1st 2:33 24"
"1Q","702","02:33","1st 2:33 24"
"1Q","703","02:32","1st 2:32 22"
"1Q","704","02:31","1st 2:31"
"1Q","705","02:30","1st 2:30 20"
"1Q","706","02:29","1st 2:29 20"
"1Q","707","02:28","1st 2:28"
"1Q","708","02:27","1st 2:27"
"1Q","709","02:26","1st 2:26 16y"
"1Q","710","02:25","1st 2:25"
"1Q","711","02:24","1st 2:24"
"1Q","712","02:23","1st 2:23"
"1Q","713","02:22","1st 2:22 f3"
"1Q","714","02:21","1st 2:21 2•"
"1Q","715","02:20","1st 2:20"
"1Q","716","02:20","1st 2:20"
"1Q","717","02:20","1st 2:20"
"1Q","718","02:20","1st 2:20"
"1Q","719","02:20","1st 2:20"
"1Q","720","02:20","1st 2:20"
"1Q","734","02:20","1st-2:20 10"
"1Q","735","02:20","1st 2:20-"
"1Q","736","02:20","1st 2:20"
"1Q","738","02:20","1st 2:20"
"1Q","739","02:20","1st 2:20"
"1Q","740","02:20","1st 2:20"
"1Q","741","02:20","1st 2:20"
"1Q","744","02:20","1st 2:20 J o"
"1Q","745","02:20","1st 2:20 J o"
"1Q","746","02:20","1st 2:20 J o"
"1Q","747","02:20","1st 2:20 10"
"1Q","748","02:20","1st 2:20 10"
"1Q","749","02:20","1st 2:20 10"
"1Q","750","02:20","1st 2:20"
"1Q","751","02:20","1st 2:20"
"1Q","752","02:20","1st 2:20 J o"
"1Q","753","02:20","1st 2:20 J o"
"1Q","754","02:20","1st 2:20"
"1Q","755","02:20","1st 2:20"
"1Q","756","02:20","1st 2:20"
"1Q","757","02:20","1st 2:20"
"1Q","758","02:20","1st 2:20"
"1Q","759","02:20","1st 2:20"
"1Q","760","02:20","1st 2:20"
"1Q","761","02:20","1st 2:20"
"1Q","762","02:20","1st 2:20"
"1Q","763","02:20","1st 2:20"
"1Q","764","02:20","1st 2:20 J o"
"1Q","765","02:20","1st 2:20 10"
"1Q","766","02:20","1st 2:20 J o"
"1Q","767","02:20","1st 2:20 24"
"1Q","768","02:20","1st 2:20 24"
"1Q","769","02:20","1st 2:20 24"
"1Q","770","02:20","1st 2:20 24"
"1Q","771","02:20","1st 2:20 24"
"1Q","772","02:20","1st 2:20 23"
"1Q","773","02:19","1st 2:19"
"1Q","774","02:18","1st 2:18"
"1Q","775","02:17","ERS 1st 2:17"
"1Q","776","02:16","AL Fl 1st 2:16"
"1Q","777","02:15","1st 2:15"
"1Q","778","02:14","1st 2:14"
"1Q","779","02:13","1st 2:13 Ydpp"
"1Q","780","02:12","1st- 2:12"
"1Q","781","02:11","1st- 2:11"
"1Q","782","02:10","1st 2:10"
"1Q","783","02:09","1st 2:09 2"
"1Q","784","02:08","1st 2:08"
"1Q","785","02:07","1st 2:07 W.I"
"1Q","786","02:06","1st 2:06"
"1Q","787","02:05","1st 2:05"
"1Q","788","02:04","1st 2:04"
"1Q","789","02:03","tr* 1st 2:03"
"1Q","790","02:02","1st 2:02 J 5"
"1Q","791","02:01","1st 2:01 ""'4.7"
"1Q","793","01:59","1st 1:59 24"
"1Q","794","01:58","1st 1:58 24"
"1Q","795","01:57","1st 1:57"
"1Q","796","01:56","1st 1:56"
"1Q","797","01:55","1st 1:55"
"1Q","798","01:54","1st 1:54"
"1Q","799","01:53","1st 1:53"
"1Q","800","01:52","1st 1:52"
"1Q","801","01:51","1st 1:51"
"1Q","802","01:50","1st 1:50"
"1Q","803","01:49","1st 1:49"
"1Q","804","01:48","1st 1:48"
"1Q","805","01:47","1st 1:47"
"1Q","806","01:46","1st 1:46"
"1Q","807","01:45","1st 1:45"
"1Q","808","01:44","1st 1:44"
"1Q","809","01:43","1st 1:43"
"1Q","810","01:42","1st 1:42 24"
"1Q","813","01:39","1st 1:39"
"1Q","814","01:38","1st 1:38"
"1Q","815","01:37","1st 1:37"
"1Q","816","01:36","1st 1:36"
"1Q","817","01:35","1st 1:35"
"1Q","818","01:34","1st 1:34"
"1Q","819","01:34","1st 1:34 18•"
"1Q","820","01:34","1st 1:34 18"
"1Q","821","01:34","1st 1:34"
"1Q","822","01:34","1st 1:34"
"1Q","823","01:34","1st 1:34"
"1Q","824","01:34","1st 1:34"
"1Q","825","01:34","1st 1:34"
"1Q","826","01:34","1st 1:34"
"1Q","827","01:34","1st 1:34"
"1Q","828","01:34","1st 1:34"
"1Q","829","01:34","1st 1:34"
"1Q","830","01:34","1st 1:34"
"1Q","831","01:34","1st 1:34"
"1Q","832","01:34","1st 1:34"
"1Q","833","01:34","1st 1:34"
"1Q","834","01:34","1st 1:34"
"1Q","835","01:34","1st 1:34"
"1Q","836","01:34","1st 1:34"
"1Q","837","01:34","1st 1:34"
"1Q","838","01:34","1st 1:34"
"1Q","839","01:34","1st 1:34"
"1Q","840","01:34","1st 1:34"
"1Q","841","01:34","1st 1:34"
"1Q","842","01:34","1st -1:34"
"1Q","843","01:34","1st 1:34"
"1Q","844","01:34","1st 1:34"
"1Q","845","01:34","1st 1:34"
"1Q","846","01:34","1st 1:34"
"1Q","847","01:34","1st 1:34"
"1Q","848","01:34","1st 1:34"
"1Q","849","01:34","1st 1:34"
"1Q","850","01:33","1st 1:33"
"1Q","851","01:32","1st 1:32"
"1Q","852","01:31","1st 1:31"
"1Q","853","01:30","1st 1:30"
"1Q","854","01:29","1st 1:29"
"1Q","855","01:28","1st 1:28"
"1Q","860","01:23","1st 1:23"
"1Q","862","01:21","1st 1:21"
"1Q","863","01:20","1st 1:20 d 5"
"1Q","864","01:19","1st 1:19 ,'4.1"
"1Q","865","01:18","1st 1:18 13,1"
"1Q","866","01:17","1st 1:17 24"
"1Q","867","01:16","1st 1:16"
"1Q","868","01:15","1st 1:15"
"1Q","869","01:14","1st 1:14"
"1Q","870","01:13","1st 1:13"
"1Q","871","01:12","1st 1:12"
"1Q","872","01:11","1st 1:11"
"1Q","873","01:10","1st 1:10"
"1Q","874","01:09","1st 1:09"
"1Q","875","01:08","1st 1:08"
"1Q","876","01:07","1st 1:07"
"1Q","877","01:06","1st 1:06"
"1Q","879","01:04","1st 1:04"
"1Q","880","01:03","1st 1:03"
"1Q","881","01:02","1st 1:02"
"1Q","882","01:01","1st 1:01"
"2Q","7","09:55","2nd 9:55"
"2Q","8","09:55","2nd 9:55"
"2Q","9","09:55","2nd 9:55"
"2Q","10","09:55","2nd 9:55"
"2Q","11","09:55","2nd 9:55"
"2Q","12","09:55","2nd 9:55"
"2Q","17","09:55","2nd 9:55"
"2Q","18","09:55","2nd 9:55"
"2Q","19","09:55","2nd -9:55"
"2Q","20","09:55","2nd -9:55"
"2Q","21","09:55","2nd 9:55"
"2Q","22","09:55","-2nd 9:55"
"2Q","23","09:55","2nd "" 9:55-"
"2Q","24","09:55","2nd 9:55"
"2Q","25","09:53","2nd - 9:53"
"2Q","26","09:53","2nd - 9:53"
"2Q","27","09:52","2nd 9:52 16"
"2Q","28","09:51","2nd - 9:51"
"2Q","30","09:49","2nd 9:49 fJ-"
"2Q","31","09:48","2nd 9:48"
"2Q","32","09:46","2nd 9:46"
"2Q","33","09:46","2nd 9:46- Kl"""
"2Q","34","09:45","2nd 9:45 24"
"2Q","35","09:44","2nd 9:44 24"
"2Q","36","09:43","ri 2nd 9:43 24"
"2Q","37","09:42","2nd 9:42 23"
"2Q","38","09:41","2nd - 9:41"
"2Q","39","09:40","2nd 9:40"
"2Q","40","09:39","2nd 9:39 20"
"2Q","41","09:38","2nd 9:38 19"
"2Q","42","09:37","2nd 9:37"
"2Q","43","09:36","2nd 9:36 v I"
"2Q","44","09:34","2nd 9:34"
"2Q","45","09:33","2nd 9:33"
"2Q","46","09:33","2nd - 9:33"
"2Q","47","09:32","2nd 9:32"
"2Q","48","09:31","2nd - 9:31"
"2Q","49","09:30","2nd -9:30 2"""
"2Q","50","09:28","2nd 9:28"
"2Q","51","09:28","2nd 9:28"
"2Q","52","09:27","2nd 9:27-"
"2Q","53","09:25","2nd 9:25-"
"2Q","54","09:25","2nd 9:25"
"2Q","55","09:24","2nd 9:24"
"2Q","56","09:23","2nd 9:23 4:9"
"2Q","58","09:21","2nd - 9:21 3:0"
"2Q","59","09:20","2nd 9:20 .10"
"2Q","60","09:19","2nd 9:19 1:0"
"2Q","61","09:18","2nd 9:18 24"
"2Q","62","09:17","2nd 9:17"
"2Q","63","09:15","2nd 9:15"
"2Q","64","09:15","2nd - 9:15"
"2Q","65","09:14","2nd - 9:14"
"2Q","66","09:12","2nd 9:12"
"2Q","67","09:12","2nd 9:12"
"2Q","68","09:11","2nd 9:11"
"2Q","69","09:10","2nd -9:10"
"2Q","74","09:08","2nd 9:08"
"2Q","75","09:08","""2nd 9:08"
"2Q","76","09:08","2nd 9:08"
"2Q","77","09:08","2nd 9:08"
"2Q","78","09:08","2nd 9:08"
"2Q","79","09:08","2nd 9:08 24"
"2Q","80","09:08","2nd 9:08 24"
"2Q","81","09:08","2nd 9:08 24"
"2Q","82","09:08","2nd 9:08 24"
"2Q","83","09:08","2nd 9:08 24"
"2Q","84","09:08","2nd 9:08 24"
"2Q","85","09:08","2nd 9:08 24"
"2Q","88","09:08","2nd 9:08 24"
"2Q","89","09:08","2nd 9:08 24 '"
"2Q","90","09:08","2nd 9:08 24"
"2Q","91","09:08","2nd 9:08 23"
"2Q","92","09:07","2nd 9:07-22"
"2Q","93","09:06","2nd 9:06- 21-"
"2Q","94","09:05","2nd 9:05 al"
"2Q","95","09:04","2nd 9:04 19"
"2Q","96","09:03","2nd - 9:03 18"""
"2Q","97","09:02","2nd - 9:02"
"2Q","99","09:00","2nd -9:00 %"""
"2Q","100","08:59","2nd 8:59 %1"
"2Q","101","08:59","2nd 8:59"
"2Q","102","08:59","2nd 8:59"
"2Q","103","08:59","2nd 8:59"
"2Q","104","08:59","2nd 8:59 %-"
"2Q","105","08:59","2nd 8:59"
"2Q","115","08:56","2nd 8:56 20"
"2Q","116","08:55","2nd 8:55"
"2Q","117","08:54","2nd 8:54"
"2Q","118","08:53","-2nd -8:53"
"2Q","119","08:52","ffAL. -2nd 8:52 16"
"2Q","120","08:51","""2nd 8:51"
"2Q","121","08:50","""2nd 8:50 M"
"2Q","122","08:49","-2nd 8:49 f3"
"2Q","123","08:48","2nd 8:48-24"
"2Q","124","08:47","2nd 8:47 24"
"2Q","125","08:46","2nd 8:46 24"
"2Q","126","08:45","2nd 8:45 24"
"2Q","127","08:44","2nd, 8:44 24"
"2Q","128","08:43","2nd 8:43 23"
"2Q","129","08:42","2nd 8:42"
"2Q","130","08:41","2nd 8:41"
"2Q","131","08:40","2nd 8:40 20"
"2Q","132","08:39","2nd 8:39"
"2Q","133","08:38","2nd 8:38 18"""
"2Q","134","08:37","2nd 8:37"
"2Q","135","08:36","2nd 8:36 T6"
"2Q","136","08:35","2nd 8:35"
"2Q","137","08:34","2nd 8:34 14"
"2Q","138","08:33","2nd 8:33 f3"
"2Q","141","08:31","2nd 8:31"
"2Q","142","08:31","2nd 8:31"
"2Q","143","08:31","2nd 8:31"
"2Q","144","08:31","2nd 8:31 24"
"2Q","145","08:31","2nd 8:31 24"
"2Q","146","08:31","2nd - 8:31 24"
"2Q","147","08:31","2nd 8:31 24"
"2Q","148","08:31","2nd 8:31 24"
"2Q","149","08:31","2nd 8:31 24"
"2Q","164","08:30","2nd 8:30 22"
"2Q","165","08:28","2nd 8:28"
"2Q","166","08:28","2nd 8:28 al"
"2Q","167","08:27","2nd 8:27"
"2Q","168","08:26","2nd - 8:26-19"
"2Q","169","08:25","2nd 8:25-23"
"2Q","170","08:23","2nd - 8:23 22"
"2Q","171","08:23","2nd 8:23"
"2Q","172","08:22","2nd 8:22 al"
"2Q","173","08:21","2nd 8:21 24"
"2Q","174","08:21","2nd - 8:21 24"
"2Q","175","08:21","2nd 8:21 24"
"2Q","176","08:21","2nd 8:21 24"
"2Q","177","08:21","2nd 8:21 24"
"2Q","178","08:21","2nd 8:21 24"
"2Q","179","08:21","2nd 8:21 24"
"2Q","180","08:21","2nd 8:21 24"
"2Q","181","08:21","2nd 8:21 24"
"2Q","182","08:21","2nd 8:21 24"
"2Q","183","08:21","2nd 8:21 24"
"2Q","184","08:21","2nd 8:21 24"
"2Q","185","08:21","2nd 8:21 24"
"2Q","186","08:21","2nd 8:21 24"
"2Q","187","08:21","2nd 8:21 24"
"2Q","188","08:21","2nd - 8:21 24"
"2Q","190","08:21","2nd 8:21 24"
"2Q","191","08:21","2nd 8:21 24"
"2Q","192","08:21","2nd 8:21 24"
"2Q","193","08:21","2nd 8:21 24"
"2Q","196","08:21","2nd 8:21 24"
"2Q","273","08:21","2nd 8:21"
"2Q","274","08:21","2nd 8:21 ""24"
"2Q","275","08:21","2nd 8:21 24"
"2Q","276","08:21","2nd 8:21 24"
"2Q","277","08:21","2nd - 8:21 24"
"2Q","278","08:21","2nd - 8:21 24"
"2Q","279","08:21","2nd 8:21 24"
"2Q","280","08:20","2nd 8:20 23"
"2Q","281","08:19","2nd 8:19"
"2Q","282","08:18","2nd 8:18"
"2Q","283","08:17","2nd 8:17"
"2Q","284","08:16","2nd 8:16"
"2Q","285","08:15","2nd 8:15"
"2Q","286","08:14","2nd 8:14"
"2Q","287","08:13","2nd 8:13 fd*"
"2Q","288","08:12","2nd 8:12"
"2Q","289","08:11","2nd 8:11"
"2Q","290","08:10","2nd 8:10"
"2Q","291","08:09","2nd 8:09"
"2Q","292","08:08","2nd 8:08"
"2Q","293","08:07","2nd 8:07-"
"2Q","294","08:06","2nd - 8:06"
"2Q","298","08:02","2nd 8:02 J D"
"2Q","301","07:59","2nd 7:59"
"2Q","302","07:58","2nd -7:58 -20"
"2Q","303","07:57","2nd 7:57"
"2Q","304","07:56","2nd 7:56 -"
"2Q","305","07:56","2nd ""7:56 -"
"2Q","306","07:54","2nd 7:54 -"
"2Q","307","07:53","2nd 7:53 -"
"2Q","308","07:52","2nd 7:52 -"
"2Q","309","07:51","2nd 7:51"
"2Q","310","07:50","2nd 7:50-"
"2Q","311","07:49","2nd - 7:49"
"2Q","312","07:48","2nd - 7:48"
"2Q","313","07:47","2nd 7:47"
"2Q","314","07:46","2nd 7:46"
"2Q","315","07:45","2nd 7:45"
"2Q","316","07:44","2nd 7:44 24"
"2Q","317","07:43","2nd 7:43 24"
"2Q","318","07:43","2nd 7:43 24"
"2Q","319","07:43","2nd 7:43 24"
"2Q","320","07:43","2nd 7:43 24"
"2Q","321","07:43","2nd 7:43 24"
"2Q","322","07:43","2nd 7:43 24"
"2Q","323","07:43","2nd 7:43 24"
"2Q","324","07:43","2nd 7:43 24"
"2Q","325","07:43","2nd -7:43 24"
"2Q","326","07:43","2nd - 7:43 24"
"2Q","327","07:43","2nd 7:43 24 '"
"2Q","336","07:42","2nd 7:42 23"
"2Q","337","07:41","2nd 7:41"
"2Q","338","07:40","FIE 2nd 7:40"
"2Q","339","07:39","2nd 7:39 20"
"2Q","340","07:38","2nd 7:38 -"
"2Q","341","07:37","2nd 7:37"
"2Q","342","07:36","2nd 7:36 -"
"2Q","343","07:35","2nd 7:35"
"2Q","344","07:34","2nd 7:34"
"2Q","345","07:33","2nd 7:33 -"
"2Q","346","07:32","2nd 7:32"
"2Q","347","07:31","2nd 7:31"
"2Q","348","07:30","2nd 7:30"
"2Q","353","07:25","2nd 7:25"""
"2Q","354","07:24","2nd 7:24"
"2Q","355","07:23","2nd 7:23 4A"
"2Q","356","07:22","2nd - 7:22 °'3.5"
"2Q","357","07:21","2nd - 7:21 .2.5"
"2Q","358","07:20","2nd 7:20 .I6"
"2Q","359","07:19","2nd - 7:19 "" 0.5"
"2Q","360","07:18","2nd 7:18 24"
"2Q","361","07:17","2nd 7:17"
"2Q","362","07:16","2nd 7:16"
"2Q","363","07:15","2nd, 7:15 21r"
"2Q","364","07:14","2nd 7:14"
"2Q","365","07:13","2nd 7:13"
"2Q","366","07:13","2nd 7:13"
"2Q","367","07:13","2nd 7:13"
"2Q","368","07:13","2nd 7:13"
"2Q","369","07:13","2nd 7:13"
"2Q","370","07:13","2nd 7:13"
"2Q","371","07:13","""2nd 7:13"
"2Q","372","07:13","""2nd 7:13"
"2Q","373","07:13","2nd 7:13"
"2Q","374","07:13","2nd 7:13"
"2Q","375","07:13","2nd 7:13"
"2Q","376","07:13","2nd 7:13 19"
"2Q","377","07:13","2nd 7:13"
"2Q","378","07:13","2nd 7:13"
"2Q","379","07:13","2nd 7:13 19"
"2Q","380","07:13","2nd 7:13"
"2Q","381","07:13","""2nd 7:13"
"2Q","382","07:13","2nd 7:13"
"2Q","383","07:13","2nd, 7:13"
"2Q","384","07:13","2nd 7:13"
"2Q","385","07:13","2nd 7:13"
"2Q","386","07:13","2nd 7:13"
"2Q","387","07:13","2nd 7:13"
"2Q","388","07:13","2nd 7:13"
"2Q","389","07:13","2nd 7:13"
"2Q","390","07:13","2nd 7:13"
"2Q","391","07:13","2nd 7:13"
"2Q","392","07:13","2nd 7:13"
"2Q","393","07:13","2nd 7:13"
"2Q","394","07:13","2nd - 7:13"
"2Q","395","07:12","2nd 7:12"
"2Q","396","07:11","2nd - 7:11"
"2Q","397","07:10","2nd 7:10"
"2Q","398","07:09","2nd 7:09"
"2Q","399","07:08","2nd - 7:08"
"2Q","400","07:07","2nd 7:07"
"2Q","401","07:06","2nd 7:06"
"2Q","402","07:05","2nd 7:05"
"2Q","403","07:04","2nd 7:04"
"2Q","404","07:03","2nd 7:03"
"2Q","405","07:02","2nd 7:02"
"2Q","406","07:01","2nd 7:01"
"2Q","407","07:00","2nd 7:00"
"2Q","408","06:59","2nd 6:59 4.7"
"2Q","409","06:58","2nd 6:58 3.7"
"2Q","410","06:57","2nd 6:57 24"
"2Q","411","06:56","2nd 6:56 23"
"2Q","412","06:55","2nd 6:55 22"
"2Q","413","06:54","2nd 6:54"
"2Q","414","06:53","2nd 6:53 a)"
"2Q","415","06:52","2nd 6:52 Tr-"
"2Q","416","06:51","2nd 6:51"
"2Q","417","06:50","2nd 6:50"
"2Q","418","06:49","2nd 6:49"
"2Q","419","06:48","2nd 6:48"
"2Q","420","06:47","2nd 6:47 24"
"2Q","421","06:46","2nd 6:46 24"
"2Q","422","06:45","2nd 6:45 24"
"2Q","423","06:44","2nd 6:44 23"
"2Q","424","06:43","2nd 6:43-22"
"2Q","425","06:42","2nd 6:42 21-"
"2Q","426","06:41","2nd 6:41"
"2Q","427","06:40","2nd 6:40 *"""
"2Q","428","06:39","2nd - 6:39"
"2Q","429","06:38","2nd 6:38"
"2Q","430","06:37","2nd 6:37"
"2Q","431","06:36","2nd 6:36"
"2Q","432","06:35","2nd 6:35"
"2Q","433","06:34","2nd - 6:34"
"2Q","434","06:33","2nd 6:33 P"
"2Q","435","06:32","2nd 6:32"
"2Q","436","06:31","2nd 6:31"
"2Q","437","06:30","2nd 6:30"
"2Q","438","06:29","2nd 6:29"
"2Q","439","06:28","2nd 6:28"
"2Q","440","06:27","2nd 6:27"
"2Q","441","06:26","2nd 6:26"
"2Q","442","06:25","2nd 6:25 4:4"
"2Q","443","06:24","2nd 6:24- ,3.4"
"2Q","444","06:23","2nd 6:23"".2.4"
"2Q","445","08:22","2nd 8:22 ai6"
"2Q","446","06:21","2nd 6:21 0.4 1"
"2Q","447","06:20","2nd 6:20- 0.0"
"2Q","448","06:19","2nd - 6:19 0:0"
"2Q","449","06:19","2nd - 6:19 "" 0.0"
"2Q","450","06:19","2nd 6:19 0:0"
"2Q","451","06:19","2nd 6:19 24"
"2Q","452","06:19","2nd 6:19 24"
"2Q","453","06:19","2nd 6:19 24"
"2Q","454","06:19","2nd 6:19 24"
"2Q","464","06:19","2nd 6:19 24"
"2Q","465","06:19","2nd 6:19 24"
"2Q","466","06:19","2nd 6:19 24"
"2Q","467","06:19","2nd 6:19 24"
"2Q","468","06:19","2nd 6:19 24"
"2Q","469","06:19","2nd 6:19 24"
"2Q","470","06:19","2nd 6:19 24"
"2Q","471","06:19","2nd 6:19 24"
"2Q","472","06:19","2nd - 6:19 24"
"2Q","473","06:19","2nd - 6:19 24"
"2Q","474","06:19","2nd 6:19 24"
"2Q","475","06:19","2nd 6:19 24"
"2Q","476","06:19","2nd 6:19 24"
"2Q","477","06:19","2nd - 6:19 24"
"2Q","478","06:19","2nd 6:19 24"
"2Q","479","06:19","2nd 6:19 24"
"2Q","480","06:19","2nd 6:19 24"
"2Q","481","06:19","2nd 6:19 24"
"2Q","482","06:19","2nd 6:19"
"2Q","483","06:18","2nd 6:18"
"2Q","484","06:17","Fl 2nd 6:17 -"
"2Q","485","06:16","2nd 6:16"
"2Q","486","06:15","2nd 6:15 19"
"2Q","487","06:14","2nd 6:14"
"2Q","488","06:13","2nd 6:13 18"
"2Q","489","06:12","2nd 6:12"
"2Q","490","06:11","2nd 6:11"
"2Q","491","06:10","2nd 6:10"
"2Q","492","06:09","2nd 6:09- fl"
"2Q","493","06:08","2nd 6:08-"
"2Q","496","06:05","2nd 6:05"
"2Q","497","06:04","2nd 6:04"
"2Q","498","06:03","2nd 6:03"
"2Q","500","06:01","2nd 6:01"
"2Q","501","06:00","2nd - 6:00°"
"2Q","502","05:59","2nd 5:59 3,9"
"2Q","504","05:57","2nd 5:57 "" ,2.0"
"2Q","505","05:56","2nd 5:56 Jio"
"2Q","506","05:55","2nd 5:55"" 0.4"
"2Q","507","05:55","2nd 5:55"" 0.4"
"2Q","508","05:55","2nd 5:55"" 0.4"
"2Q","509","05:55","2nd 5:55 0:4"
"2Q","510","05:55","2nd 5:55 0:4"
"2Q","511","05:55","2nd 5:55 0,4"
"2Q","512","05:55","2nd 5:55- 0.4"
"2Q","513","05:55","2nd 5:55 0.4"
"2Q","528","05:55","2nd 5:55"
"2Q","529","05:55","2nd 5:55"
"2Q","530","05:55","2nd 5:55"
"2Q","531","05:55","2nd 5:55 ] 0"
"2Q","532","05:55","2nd 5:55 J o"
"2Q","533","05:55","2nd 5:55 J o"
"2Q","534","05:55","2nd 5:55-10"
"2Q","535","05:55","2nd 5:55-10"
"2Q","536","05:55","2nd 5:55 10"
"2Q","537","05:55","2nd 5:55 10"
"2Q","538","05:55","2nd 5:55"
"2Q","539","05:55","2nd 5:55-10"
"2Q","540","05:55","2nd 5:55-10"
"2Q","541","05:55","2nd 5:55 ] 0"
"2Q","542","05:55","2nd 5:55 ] 0"
"2Q","543","05:55","2nd 5:55"
"2Q","544","05:55","2nd 5:55 10"
"2Q","545","05:55","2nd 5:55"
"2Q","546","05:55","2nd 5:55"
"2Q","547","05:55","2nd 5:55"
"2Q","549","05:55","2nd 5:55"
"2Q","550","05:55","2nd -5:55"
"2Q","551","05:55","2nd 5:55 J o"
"2Q","554","05:55","2nd 5:55 24"
"2Q","555","05:54","2nd 5:54 23"
"2Q","556","05:53","2nd 5:53"
"2Q","557","05:52","2nd 5:52"
"2Q","558","05:51","2nd 5:51"
"2Q","559","05:50","2nd 5:50"
"2Q","560","05:49","2nd 5:49- Tr"""
"2Q","561","05:48","2nd 5:48"
"2Q","563","05:46","2nd 5:46"
"2Q","564","05:45","2nd - 5:45"
"2Q","565","05:44","2nd - 5:44"
"2Q","566","05:43","2nd -5:43 2"
"2Q","567","05:42","2nd 5:42"
"2Q","568","05:41","2nd 5:41"
"2Q","569","05:40","2nd 5:40 9-1"
"2Q","570","05:39","2nd 5:39"
"2Q","571","05:38","2nd 5:38"
"2Q","572","05:38","2nd 5:38"
"2Q","573","05:38","2nd 5:38"
"2Q","574","05:38","2nd 5:38"
"2Q","575","05:38","2nd - 5:38"
"2Q","576","05:38","2nd 5:38"
"2Q","577","05:38","2nd 5:38"
"2Q","589","05:38","2nd 5:38 24"
"2Q","590","05:38","2nd 5:38 24"
"2Q","591","05:38","2nd 5:38 24"
"2Q","592","05:38","2nd 5:38 24"
"2Q","593","05:38","""2nd 5:38 24"
"2Q","594","05:38","2nd 5:38 ' 24"
"2Q","595","05:38","2nd 5:38 24"
"2Q","596","05:38","2nd 5:38 24"
"2Q","597","05:38","IER 2nd 5:38 23"
"2Q","598","05:37","2nd 5:37 23"
"2Q","599","05:36","2nd 5:36"
"2Q","600","05:35","2nd 5:35"
"2Q","601","05:34","2nd 5:34 20"
"2Q","602","05:33","2nd 5:33"
"2Q","603","05:32","2nd 5:32"
"2Q","604","05:31","2nd 5:31"
"2Q","605","05:30","2nd 5:30"
"2Q","606","05:29","2nd 5:29"
"2Q","607","05:28","2nd 5:28 14"
"2Q","609","05:26","-2nd 5:26"
"2Q","610","05:25","2nd 5:25"
"2Q","611","05:24","2nd 5:24"
"2Q","612","05:23","2nd 5:23 24"
"2Q","613","05:22","2nd 5:22 24"
"2Q","616","05:19","2nd 5:19"
"2Q","617","05:18","2nd 5:18"
"2Q","618","05:17","2nd 5:17 19"
"2Q","619","05:16","2nd 5:16"
"2Q","620","05:15","2nd 5:15 24"
"2Q","621","05:14","2nd 5:14 24"
"2Q","622","05:13","2nd 5:13"
"2Q","623","05:12","2nd 5:12"
"2Q","624","05:11","2nd 5:11"
"2Q","625","05:10","2nd 5:10"
"2Q","626","05:09","2nd 5:09-20"
"2Q","627","05:08","2nd 5:08-19-"
"2Q","630","05:05","2nd 5:05- -22"
"2Q","631","05:04","2nd 5:04 - 21"""
"2Q","634","05:03","2nd 5:03 24"
"2Q","635","05:03","2nd 5:03 24"
"2Q","638","05:03","2nd -5:03 24"
"2Q","639","05:03","OREA 2nd 5:03 24"
"2Q","640","05:03","2nd 5:03 24"
"2Q","642","05:03","2nd 5:03 24"
"2Q","643","05:03","2nd 5:03 24"
"2Q","647","05:03","2nd 5:03 24"
"2Q","650","05:03","2nd 5:03 24"
"2Q","651","05:03","2nd 5:03 24"
"2Q","654","05:03","2nd 5:03 24"
"2Q","656","05:03","2nd 5:03 24"
"2Q","657","05:03","2nd 5:03 24"
"2Q","658","05:03","2nd 5:03 24"
"2Q","659","05:03","2nd 5:03 24"
"2Q","660","05:03","2nd 5:03 24"
"2Q","661","05:03","2nd 5:03 24"
"2Q","663","05:03","2nd 5:03 24"
"2Q","664","05:03","2nd 5:03 24"
"2Q","667","05:03","2nd 5:03 24"
"2Q","669","05:03","2nd 5:03 24"
"2Q","670","05:03","2nd 5:03 24"
"2Q","671","05:03","2nd 5:03 24"
"2Q","672","05:03","2nd 5:03 24"
"2Q","673","05:03","2nd 5:03 24"
"2Q","674","05:03","2nd 5:03 24"
"2Q","707","05:03","2nd 5:03 24"
"2Q","708","05:03","2nd 5:03 24"
"2Q","709","05:03","2nd 5:03 24"
"2Q","710","05:03","2nd 5:03 24"
"2Q","711","05:03","2nd 5:03 24"
"2Q","712","05:03","2nd 5:03 24"
"2Q","716","05:03","2nd 5:03 24"
"2Q","717","05:03","2nd 5:03 24"
"2Q","718","05:03","2nd 5:03 24"
"2Q","719","05:03","2nd 5:03 24"
"2Q","720","05:03","2nd 5:03 24"
"2Q","721","05:03","2nd 5:03 24"
"2Q","722","05:03","2nd 5:03 24"
"2Q","723","05:03","2nd 5:03 23"
"2Q","724","05:02","2nd 5:02"
"2Q","725","05:01","2nd 5:01"
"2Q","731","04:55","2nd 4:55"
"2Q","732","04:54","2nd 4:54 M"
"2Q","733","04:53","2nd 4:53"
"2Q","734","04:52","2nd -4:52 27"
"2Q","735","04:51","2nd 4:51"
"2Q","736","04:50","2nd -4:50 KI"
"2Q","737","04:49","2nd 4:49"
"2Q","738","04:48","2nd 4:48"
"2Q","739","04:47","2nd 4:47"
"2Q","740","04:46","2nd 4:46"
"2Q","741","04:45","2nd 4:45 24"
"2Q","742","04:44","2nd 4:44 24"
"2Q","743","04:43","2nd 4:43 23"
"2Q","744","04:42","2nd 4:42 22"
"2Q","745","04:41","2nd 4:41"
"2Q","746","04:40","2nd 4:40 20"
"2Q","747","04:39","2nd - 4:39"
"2Q","748","04:38","2nd 4:38 18"""
"2Q","749","04:37","2nd 4:37"
"2Q","750","04:36","2nd 4:36 16T."
"2Q","751","04:35","2nd 4:35 %7,"
"2Q","752","04:34","2nd 4:34 14"
"2Q","753","04:33","2nd 4:33"
"2Q","754","04:33","2nd 4:33"
"2Q","755","04:33","2nd 4:33"
"2Q","756","04:33","2nd -4:33"
"2Q","757","04:33","2nd 4:33"
"2Q","758","04:33","2nd 4:33"
"2Q","759","04:33","2nd 4:33"
"2Q","760","04:33","2nd 4:33"
"2Q","761","04:33","2nd 4:33"
"2Q","762","04:33","2nd 4:33"
"2Q","763","04:33","2nd 4:33 10"
"2Q","764","04:33","2nd 4:33 10"
"2Q","765","04:33","2nd 4:33 7 0"
"2Q","766","04:33","2nd 4:33 10"
"2Q","767","04:33","2nd 4:33 10"
"2Q","768","04:33","2nd 4:33 J o"
"2Q","769","04:33","2nd 4:33 J o"
"2Q","770","04:33","2nd 4:33"
"2Q","771","04:33","2nd 4:33"
"2Q","772","04:33","2nd 4:33"
"2Q","773","04:33","2nd 4:33 J o"
"2Q","774","04:33","2nd 4:33"
"2Q","775","04:33","2nd 4:33"
"2Q","776","04:33","2nd 4:33"
"2Q","777","04:33","2nd 4:33"
"2Q","778","04:33","2nd 4:33"
"2Q","779","04:33","TilV S 2nd 4:33"
"2Q","780","04:33","2nd 4:33"
"2Q","781","04:33","2nd 4:33"
"2Q","782","04:33","2nd 4:33"
"2Q","783","04:33","41 2nd 4:33"""
"2Q","784","04:33","*f 2nd 4:33"
"2Q","785","04:33","2nd 4:33"
"2Q","786","04:33","2nd 4:33"""
"2Q","787","04:33","2nd 4:33"
"2Q","788","04:33","2nd 4:33 J o"
"2Q","789","04:33","2nd 4:33"
"2Q","790","04:33","2nd 4:33"
"2Q","791","04:33","2nd 4:33"
"2Q","792","04:33","2nd 4:33"
"2Q","793","04:33","2nd 4:33"
"2Q","794","04:33","2nd 4:33"
"2Q","795","04:33","2nd 4:33 10"
"2Q","796","04:33","2nd 4:33"
"2Q","797","04:33","2nd 4:33"
"2Q","798","04:33","2nd 4:33"
"2Q","799","04:33","2nd 4:33"
"2Q","800","04:33","2nd 4:33"
"2Q","801","04:33","2nd 4:33-10"
"2Q","802","04:33","2nd 4:33"
"2Q","803","04:33","2nd 4:33 24"
"2Q","804","04:33","2nd 4:33 24"
"2Q","805","04:33","2nd 4:33 24"
"2Q","806","04:33","2nd 4:33 24"
"2Q","807","04:33","2nd 4:33 24"
"2Q","808","04:33","2nd 4:33 24"
"2Q","809","04:33","2nd 4:33 ""23"
"2Q","810","04:32","2nd 4:32 22"
"2Q","811","04:31","2nd 4:31"
"2Q","812","04:30","2nd 4:30 a)"
"2Q","813","04:29","2nd 4:29 W"""
"2Q","814","04:28","2nd 4:28 18"""
"2Q","815","04:27","2nd 4:27"
"2Q","816","04:26","2nd 4:26 16"
"2Q","817","04:25","2nd 4:25"
"2Q","818","04:24","2nd 4:24"
"2Q","819","04:23","2nd 4:23 f3"
"2Q","820","04:22","2nd 4:22- fJ"""
"2Q","821","04:21","2nd 4:21"
"2Q","823","04:19","2nd 4:19"
"2Q","824","04:18","2nd - 4:18"
"2Q","825","04:17","2nd 4:17 24"
"2Q","826","04:16","2nd 4:16 24"
"2Q","827","04:15","2nd 4:15"
"2Q","828","04:14","2nd 4:14 -"
"2Q","829","04:13","2nd 4:13"
"2Q","830","04:12","2nd 4:12"
"2Q","831","04:11","2nd 4:11"
"2Q","832","04:10","2nd 4:10"
"2Q","833","04:09","2nd 4:09"
"2Q","834","04:08","2nd 4:08"
"2Q","835","04:07","2nd 4:07 J 5"
"2Q","837","04:05","2nd 4:05 24"
"2Q","838","04:04","2nd 4:04 23"
"2Q","839","04:03","""2nd 4:03- IK"
"2Q","840","04:02","2nd -4:02"
"2Q","841","04:01","2nd 4:01"
"2Q","842","04:00","2nd -4:00"
"2Q","843","03:59","2nd 3:59"
"2Q","844","03:59","2nd 3:59"
"2Q","845","03:59","2nd 3:59"
"2Q","846","03:59","2nd 3:59"
"2Q","847","03:59","2nd 3:59"
"2Q","848","03:59","2nd 3:59"
"2Q","849","03:59","2nd 3:59"
"2Q","850","03:59","2nd 3:59"
"2Q","860","03:59","2nd 3:59"
"2Q","861","03:59","2nd 3:59 j o"
"2Q","862","03:59","2nd 3:59 10"
"2Q","864","03:59","2nd 3:59"
"2Q","865","03:59","2nd ""3:59"
"2Q","868","03:59","2nd -3:59"
"2Q","869","03:59","2nd -3:59"
"2Q","875","03:59","2nd 3:59"
"2Q","876","03:59","2nd 3:59 J o"
"2Q","877","03:59","2nd 3:59"
"2Q","878","03:59","2nd 3:59 1 0"
"2Q","879","03:59","2nd 3:59 10"
"2Q","880","03:59","2nd 3:59 J o"
"2Q","881","03:59","2nd 3:59 J o"
"2Q","884","03:59","2nd 3:59"
"2Q","890","03:58","2nd 3:58 23"
"2Q","891","03:57","2nd 3:57 22"
"2Q","892","03:56","FIE 2nd 3:56"
"2Q","893","03:55","2nd 3:55 20"
"2Q","896","03:52","2nd 3:52"
"2Q","897","03:51","2nd 3:51"
"2Q","898","03:50","2nd 3:50"
"2Q","899","03:49","2nd 3:49"
"2Q","900","03:48","2nd 3:48 24"
"2Q","901","03:46","2nd 3:46"
"2Q","902","03:46","2nd 3:46 24"
"2Q","903","03:45","2nd 3:45 24"
"2Q","904","03:44","2nd 3:44 24"
"2Q","905","03:43","2nd 3:43 23"
"2Q","906","03:42","2nd 3:42 22"
"2Q","907","03:41","2nd 3:41-"
"2Q","908","03:40","2nd 3:40 20"
"2Q","909","03:39","2nd 3:39"
"2Q","910","03:38","2nd 3:38"
"2Q","911","03:37","2nd - 3:37"
"2Q","912","03:35","2nd -3:35"
"2Q","913","03:35","2nd 3:35"
"2Q","914","03:34","2nd 3:34"
"2Q","915","03:33","2nd - 3:33"
"2Q","916","03:32","2nd -3:32 2"
"2Q","917","03:31","2nd 3:31"
"2Q","918","03:30","2nd 3:30"
"2Q","923","03:25","2nd 3:25 15"
"2Q","924","03:24","2nd 3:24 24"
"2Q","925","03:22","2nd -3:22 23"
"2Q","926","03:22","2nd -3:22 22"
"2Q","927","03:21","2nd 3:21"
"2Q","928","03:20","2nd 3:20 aJ"
"2Q","929","03:19","2nd "" 3:19"
"2Q","930","03:18","2nd "" 3:18"
"2Q","931","03:16","2nd 3:16"
"2Q","932","03:16","2nd 3:16 16"
"2Q","933","03:15","2nd 3:15"
"2Q","934","03:13","2nd 3:13"
"2Q","935","03:13","2nd 3:13"
"2Q","936","03:12","2nd "" 3:12"
"2Q","937","03:11","2nd "" 3:11"
"2Q","938","03:10","2nd "" 3:10"
"2Q","949","02:59","2nd 2:59"
"2Q","950","02:58","2nd 2:58"
"2Q","951","02:57","2nd 2:57"
"2Q","952","02:56","2nd 2:56"
"2Q","953","02:55","2nd 2:55 J 5"
"2Q","954","02:54","""2nd 2:54 4.9"
"2Q","955","02:54","2nd 2:54""'4.9"
"2Q","956","02:54","2nd 2:54""'4:9"
"2Q","957","02:54","2nd 2:54 4:9"
"2Q","958","02:54","2nd 2:54""'4:9"
"2Q","959","02:54","""2nd 2:54 '4.9"
"2Q","960","02:54","""2nd 2:54 4.9"
"2Q","961","02:54","2nd 2:54 4.9"
"2Q","962","02:54","""2nd 2:54"
"2Q","963","02:54","2nd 2:54"
"2Q","971","02:54","2nd 2:54"
"2Q","972","02:54","2nd 2:54"
"2Q","973","02:54","2nd 2:54"
"2Q","974","02:54","2nd 2:54 10"
"2Q","975","02:54","2nd 2:54"
"2Q","976","02:54","2nd 2:54"
"2Q","978","02:54","2nd 2:54"
"2Q","980","02:54","2nd 2:54"
"2Q","982","02:54","2nd 2:54 J o"
"2Q","983","02:54","2nd 2:54 101"
"2Q","984","02:54","2nd 2:54"
"2Q","985","02:54","2nd 2:54"
"2Q","986","02:54","2nd 2:54"
"2Q","987","02:54","2nd 2:54"
"2Q","988","02:54","2nd 2:54 10"
"2Q","989","02:54","2nd 2:54 10"
"2Q","990","02:54","2nd 2:54-10"
"2Q","991","02:54","2nd 2:54-10"
"2Q","992","02:54","2nd 2:54 10"
"2Q","993","02:54","2nd 2:54 10"
"2Q","994","02:54","2nd 2:54 J o"
"2Q","995","02:54","2nd 2:54 10"
"2Q","996","02:54","2nd 2:54 10"
"2Q","997","02:54","2nd 2:54 10"
"2Q","998","02:54","2nd 2:54-10"
"2Q","999","02:54","2nd 2:54-10"
"2Q","1000","02:54","2nd 2:54-10"
"2Q","1002","02:54","2nd 2:54 10"
"2Q","1003","02:54","2nd 2:54 10"
"2Q","1004","02:54","2nd 2:54 J ol"
"2Q","1005","02:54","2nd 2:54 J ol"
"2Q","1006","02:54","2nd 2:54 101"
"2Q","1007","02:54","2nd -2:54"
"2Q","1010","02:54","2nd 2:54 J o"
"2Q","1011","02:54","2nd 2:54"
"2Q","1012","02:54","2nd 2:54"
"2Q","1013","02:54","2nd 2:54 0"
"2Q","1014","02:54","oF I 2nd 2:54 10"
"2Q","1017","02:54","F( 2nd 2:54 10"
"2Q","1018","02:54","2nd 2:54 24"
"2Q","1019","02:54","2nd 2:54 24"
"2Q","1020","02:54","2nd 2:54 24"
"2Q","1021","02:54","2nd 2:54 24"
"2Q","1022","02:54","2nd 2:54 24"
"2Q","1023","02:54","2nd 2:54 24"
"2Q","1024","02:54","2nd 2:54 24"
"2Q","1025","02:53","2nd 2:53 23"
"2Q","1026","02:52","2nd 2:52 22"
"2Q","1027","02:51","2nd 2:51"
"2Q","1028","02:50","2nd 2:50 20"
"2Q","1029","02:49","2nd 2:49 19-"
"2Q","1030","02:48","2nd -2:48 Tr""1"
"2Q","1031","02:47","2nd - 2:47"
"2Q","1032","02:46","2nd 2:46 Yd"
"2Q","1033","02:45","2nd 2:45"
"2Q","1034","02:44","2nd 2:44 M-"
"2Q","1035","02:43","2nd - 2:43 f31"
"2Q","1036","02:42","2nd 2:42 25"
"2Q","1037","02:41","2nd 2:41"
"2Q","1038","02:40","2nd 2:40"
"2Q","1039","02:39","2nd 2:39"
"2Q","1040","02:38","2nd 2:38"
"2Q","1041","02:37","2nd 2:37"
"2Q","1042","02:36","2nd 2:36-"
"2Q","1043","02:35","2nd 2:35"
"2Q","1044","02:34","2nd -2:34-'421"
"2Q","1045","02:33","2nd 2:33 32"
"2Q","1046","02:32","2nd 2:32 .2.3"
"2Q","1047","02:31","2nd - 2:31 24"
"2Q","1054","02:28","2nd -2:28"
"2Q","1055","02:28","+é 2nd 2:28"
"2Q","1056","02:28","2nd 2:28"
"2Q","1057","02:28","2nd 2:28"
"2Q","1058","02:28","2nd 2:28"
"2Q","1059","02:28","2nd 2:28 14"
"2Q","1060","02:28","2nd 2:28 M"
"2Q","1061","02:28","2nd 2:28"
"2Q","1062","02:28","2nd 2:28"
"2Q","1063","02:28","2nd 2:28 14-"
"2Q","1064","02:28","2nd 2:28"
"2Q","1065","02:28","2nd 2:28"
"2Q","1066","02:28","2nd 2:28"
"2Q","1067","02:28","2nd 2:28"
"2Q","1068","02:28","2nd 2:28 M"
"2Q","1069","02:28","2nd -2:28"
"2Q","1070","02:28","2nd 2:28"
"2Q","1071","02:28","2nd -2:28"
"2Q","1072","02:28","2nd 2:28"
"2Q","1073","02:27","2nd 2:27 2*"
"2Q","1074","02:26","2nd 2:26"
"2Q","1075","02:25","2nd -2:25"
"2Q","1076","02:24","2nd 2:24"
"2Q","1077","02:23","2nd 2:23-"
"2Q","1078","02:22","2nd 2:22"
"2Q","1079","02:21","2nd 2:21"
"2Q","1080","02:20","2nd 2:20 J 5"
"2Q","1081","02:19","2nd 2:19 '4 7"
"2Q","1082","02:18","2nd 2:18 .3.7"
"2Q","1083","02:17","2nd -2:17 -117"
"2Q","1084","02:18","2nd 2:18 Si7"
"2Q","1085","02:15","2nd 2:15 24"
"2Q","1086","02:14","2nd 2:14 24"
"2Q","1087","02:13","2nd 2:13"
"2Q","1088","02:12","2nd 2:12"
"2Q","1089","02:11","2nd 2:11"
"2Q","1090","02:10","2nd 2:10"
"2Q","1092","02:08","2nd 2:08- Tr"""
"2Q","1093","02:07","2nd 2:07"
"2Q","1094","02:06","2nd 2:06"
"2Q","1095","02:05","2nd 2:05"
"2Q","1096","02:04","2nd 2:04-"
"2Q","1097","02:03","2nd 2:03-"
"2Q","1098","02:02","2nd -2:02 2"
"2Q","1099","02:01","2nd 2:01"
"2Q","1100","02:00","2nd ""2:00 KI"
"2Q","1101","01:59","2nd -1:59"
"2Q","1102","01:58","2nd 1:58"
"2Q","1103","01:57","2nd 1:57"
"2Q","1104","01:56","""2nd 1:56"
"2Q","1105","01:55","2nd 1:55"
"2Q","1106","01:54","2nd 1:54 4:5"
"2Q","1107","01:54","2nd 1:54 ""'4:5"
"2Q","1108","01:54","2nd -1:54 4:5"
"2Q","1109","01:54","2nd 1:54 '4:5"
"2Q","1110","01:54","2nd 1:54 '4.5"
"2Q","1111","01:54","2nd 1:54 4.5"
"2Q","1112","01:54","2nd 1:54 4.5"
"2Q","1113","01:54","2nd 1:54 4.5"
"2Q","1114","01:54","2nd 1:54 '4.5"
"2Q","1115","01:54","-2nd -1:54 4.5"
"2Q","1116","01:54","2nd 1:54 4.5"
"2Q","1117","01:54","2nd 1:54 °4.5"
"2Q","1118","01:54","2nd 1:54 4.5"
"2Q","1119","01:54","2nd 1:54 "" 4.5"
"2Q","1121","01:54","2nd 1:54 4.5"
"2Q","1122","01:54","2nd 1:54 4.5"
"2Q","1123","01:54","2nd 1:54 4:5"
"2Q","1124","01:54","2nd 1:54 "" 4:5"
"2Q","1125","01:54","2nd 1:54 '4.5"
"2Q","1126","01:54","2nd 1:54 4.5"
"2Q","1127","01:54","2nd 1:54 4.5"
"2Q","1128","01:54","2nd 1:54 4.5"
"2Q","1129","01:54","2nd 1:54 4.5"
"2Q","1130","01:54","2nd 1:54 4.5"
"2Q","1131","01:54","2nd 1:54 4.5"
"2Q","1132","01:54","2nd 1:54 4:0"
"2Q","1133","01:53","2nd 1:53 '3.0"
"2Q","1134","01:51","2nd 1:51 10 ."
"2Q","1135","01:51","2nd 1:51 24"
"2Q","1136","01:50","2nd 1:50"
"2Q","1137","01:49","2nd 1:49"
"2Q","1138","01:48","2nd 1:48 2•"
"2Q","1141","01:45","2nd 1:45"
"2Q","1142","01:44","2nd 1:44"
"2Q","1143","01:43","2nd 1:43"
"2Q","1144","01:42","2nd 1:42 24"
"2Q","1145","01:41","2nd 1:41 24"
"2Q","1146","01:40","2nd -1:40 24"
"2Q","1147","01:39","2nd 1:39"
"2Q","1148","01:38","2nd 1:38"
"2Q","1149","01:37","2nd 1:37"
"2Q","1150","01:36","2nd 1:36"
"2Q","1151","01:35","2nd 1:35 18•"
"2Q","1152","01:34","2nd 1:34"
"2Q","1153","01:33","2nd 1:33"
"2Q","1154","01:32","2nd -1:32 16"
"2Q","1155","01:31","2nd 1:31"
"2Q","1156","01:30","2nd 1:30"
"2Q","1157","01:29","2nd 1:29"
"2Q","1159","01:27","2nd 1:27 24"
"2Q","1160","01:26","2nd 1:26 24"
"2Q","1161","01:25","2nd 1:25 24"
"2Q","1162","01:24","2nd 1:24 24"
"2Q","1163","01:23","2nd -1:23"
"2Q","1164","01:22","2nd 1:22"
"2Q","1165","01:21","2nd 1:21"
"2Q","1166","01:20","2nd 1:20"
"2Q","1167","01:19","2nd 1:19"
"2Q","1168","01:18","2nd 1:18"
"2Q","1170","01:16","2nd, 1:16"
"2Q","1171","01:15","2nd 1:15"
"2Q","1172","01:14","2nd 1:14"
"2Q","1173","01:13","2nd 1:13"
"2Q","1174","01:12","2nd 1:12 24"
"2Q","1175","01:11","2nd 1:11"
"2Q","1176","01:10","2nd 1:10"
"2Q","1177","01:09","2nd 1:09"
"2Q","1178","01:08","2nd 1:08"
"2Q","1179","01:07","2nd 1:07"
"2Q","1180","01:06","2nd 1:06"
"2Q","1181","01:05","2nd -1:05"
"2Q","1182","01:04","2nd -1:04 16"
"2Q","1183","01:02","2nd -1:02"
"2Q","1184","01:02","2nd 1:02"
"3Q","10","09:57","3rd 9:57 21"
"3Q","11","09:56","3rd- 9:56 20"
"3Q","12","09:55","3rd- 9:55-"
"3Q","15","09:52","3rd-9:52-16a"
"3Q","16","09:51","3rd-9:51-"
"3Q","17","09:50","3rd 9:50 14-"
"3Q","18","09:49","3rd 9:49 11"
"3Q","19","09:48","3rd 9:48-"
"3Q","20","09:47","3rd 9:47"
"3Q","21","09:46","3rd 9:46 24"
"3Q","22","09:45","3rd 9:45 23"
"3Q","23","09:44","3rd- 9:44"
"3Q","24","09:43","3rd- 9:43 21"
"3Q","25","09:42","3rd- 9:42 a)"
"3Q","26","09:41","3rd 9:41"
"3Q","27","09:40","3rd- 9:40 181"
"3Q","28","09:39","3rd 9:39 17"
"3Q","29","09:38","3rd-9:38-Tr"
"3Q","30","09:37","3rd-9:37-%"
"3Q","31","09:36","3rd- 9:36 14-"
"3Q","32","09:35","3rd-9:35 Tr"""
"3Q","33","09:34","3rd 9:34 2•"
"3Q","34","09:33","3rd 9:33"
"3Q","35","09:32","3rd 9:32 10-"
"3Q","36","09:31","3rd 9:31"
"3Q","37","09:31","3rd 9:31-"
"3Q","38","09:31","3rd 9:31"
"3Q","39","09:31","3rd 9:31"
"3Q","40","09:31","3rd 9:31"
"3Q","41","09:31","3rd 9:31"
"3Q","50","09:31","3rd 9:31"
"3Q","53","09:28","3rd 9:28"
"3Q","54","09:27","3rd 9:27"
"3Q","55","09:27","3rd 9:27 15"
"3Q","56","09:27","3rd 9:27 15"
"3Q","57","09:27","3rd 9:27 J 5"
"3Q","58","09:27","3rd 9:27"""
"3Q","59","09:27","3rd 9:27"
"3Q","60","09:27","3rd-9:27 15"
"3Q","61","09:27","3rd 9:27 15"
"3Q","62","09:27","3rd 9:27 15"
"3Q","63","09:27","3rd 9:27 15"
"3Q","64","09:27","3rd-9:27-J 5"
"3Q","65","09:27","3rd 9:27"
"3Q","66","09:27","3rd 9:27"
"3Q","67","09:26","3rd 9:26 24"
"3Q","68","09:25","3rd 9:25 24"
"3Q","69","09:24","3rd- 9:24-23"
"3Q","70","09:23","3rd- 9:23-22"
"3Q","71","09:22","3rd 9:22- 21-"
"3Q","72","09:21","3rd 9:21-"
"3Q","73","09:20","3rd- 9:20 19"""
"3Q","74","09:19","3rd 9:19"
"3Q","75","09:18","3rd 9:18"
"3Q","76","09:17","3rd 9:17"
"3Q","77","09:16","3rd 9:16"
"3Q","78","09:15","3rd 9:15"
"3Q","79","09:14","3rd 9:14"
"3Q","80","09:13","3rd 9:13 24"
"3Q","81","09:12","3rd 9:12 24"
"3Q","82","09:11","3rd 9:11"
"3Q","83","09:10","3rd 9:10"
"3Q","85","09:08","3rd 9:08 .aJ"
"3Q","86","09:07","3rd 9:07"
"3Q","87","09:06","3rd 9:06"
"3Q","88","09:05","3rd 9:05 Tl-"
"3Q","89","09:04","3rd 9:04 .24"
"3Q","90","09:03","3rd-9:03 24"
"3Q","91","09:02","3rd 9:02 24"
"3Q","92","09:01","3rd 9:01"
"3Q","93","09:00","3rd 9:00"
"3Q","94","08:59","3rd 8:59 21"
"3Q","95","08:58","3rd 8:58 a)"
"3Q","96","08:57","3rd 8:57-19""'"
"3Q","97","08:56","3rd 8:56 18"
"3Q","98","08:55","3rd 8:55 17"
"3Q","99","08:54","3rd 8:54 16-"
"3Q","100","08:53","3rd 8:53 "" E."
"3Q","101","08:52","3rd 8:52- M"
"3Q","104","08:49","3rd- 8:49-"
"3Q","105","08:48","3rd- 8:48-"
"3Q","106","08:47","3rd- 8:47"
"3Q","107","08:46","3rd 8:46 24"
"3Q","108","08:45","3rd- 8:45-24"
"3Q","109","08:44","3rd- 8:44 24"
"3Q","110","08:43","3rd- 8:43 23"
"3Q","111","08:42","3rd 8:42 22"
"3Q","112","08:41","3rd 8:41"
"3Q","113","08:40","3rd 8:40-a)"
"3Q","114","08:39","3rd- 8:39 19"""
"3Q","115","08:38","3rd 8:38"
"3Q","116","08:37","3rd 8:37"
"3Q","117","08:36","3rd 8:36"
"3Q","118","08:35","3rd 8:35"
"3Q","119","08:34","3rd 8:34 24"
"3Q","120","08:33","3rd 8:33 24"
"3Q","121","08:32","3rd 8:32 24"
"3Q","122","08:31","3rd 8:31"
"3Q","123","08:30","3rd- 8:30 22"
"3Q","124","08:29","3rd 8:29 21"
"3Q","127","08:26","3rd 8:26 18"
"3Q","128","08:25","3rd 8:25 17-"
"3Q","130","08:23","3rd-8:23-E"
"3Q","131","08:22","3rd 8:22-"
"3Q","132","08:22","3rd-8:22-"
"3Q","133","08:22","3rd 8:22 24"
"3Q","134","08:22","3rd-8:22 24"
"3Q","135","08:22","3rd 8:22 24"
"3Q","136","08:22","-3rd 8:22 24"
"3Q","137","08:22","3rd 8:22 24"
"3Q","138","08:22","3rd 8:22 24"
"3Q","139","08:22","3rd 8:22 24"
"3Q","140","08:22","3rd 8:22 24"
"3Q","141","08:22","3rd 8:22 24"
"3Q","142","08:22","3rd 8:22 24"
"3Q","143","08:22","3rd 8:22-24"
"3Q","144","08:22","3rd 8:22 24"
"3Q","145","08:22","3rd- 8:22-24"
"3Q","146","08:22","3rd 8:22 24"
"3Q","147","08:22","3rd 8:22 24"
"3Q","149","08:22","3rd- 8:22-24"
"3Q","150","08:22","3rd- 8:22-24"
"3Q","151","08:22","3rd- 8:22-23"
"3Q","152","08:21","3rd 8:21"
"3Q","153","08:20","ERS 3rd 8:20 21"
"3Q","154","08:19","AL 3rd 8:19 JJ"
"3Q","155","08:18","3rd 8:18"
"3Q","156","08:17","3rd 8:17"
"3Q","157","08:16","3Td 8:16"
"3Q","158","08:15","3rd 8:15"
"3Q","159","08:14","3rd 8:14"
"3Q","160","08:13","3rd 8:13"
"3Q","161","08:12","3rd 8:12"
"3Q","162","08:11","3rd 8:11"
"3Q","163","08:10","3rd 8:10 -"
"3Q","167","08:06","3rd 8:06 24"
"3Q","168","08:05","3rd 8:05 23"
"3Q","170","08:03","13rd 8:03"
"3Q","171","08:02","3rd 8:02 .al"
"3Q","172","08:01","3rd- 8:01"
"3Q","173","08:00","3rd-8:00 Tr"""
"3Q","174","07:59","3rd 7:59"
"3Q","175","07:58","3rd- 7:58 16"
"3Q","176","07:57","3rd 7:57"
"3Q","177","07:56","3rd-7:56 M"
"3Q","178","07:54","3rd 7:54"
"3Q","179","07:54","3rd-7:54-"
"3Q","180","07:53","3rd-7:53 -"
"3Q","181","07:53","3rd-7:53 -"
"3Q","182","07:53","3rd 7:53"
"3Q","183","07:53","3rd-7:53 -"
"3Q","184","07:53","3rd-7:53"
"3Q","185","07:53","3rd 7:53 -"
"3Q","196","07:53","3rd-7:53 -"
"3Q","197","07:53","3rd 7:53 M"
"3Q","198","07:53","3rd 7:53- M-"
"3Q","199","07:53","3rd 7:53- M"
"3Q","200","07:53","3rd 7:53 14"
"3Q","201","07:53","3rd-7:53 14"
"3Q","202","07:53","3rd 7:53 -14"
"3Q","203","07:53","3rd-7:53-M"
"3Q","204","07:53","3rd- 7:53 14"
"3Q","205","07:53","3rd-7:53-M"
"3Q","206","07:53","3rd- 7:53 14"
"3Q","207","07:53","°3rd-7:53-"
"3Q","208","07:53","3rd-7:53 -14"
"3Q","209","07:53","3rd- 7:53 14-"
"3Q","210","07:53","3rd 7:53 14-'"
"3Q","211","07:53","3rd-7:53 14"
"3Q","212","07:53","3rd 7:53"
"3Q","213","07:52","3rd 7:52 - 11-"
"3Q","214","07:51","3rd 7:51 2"
"3Q","215","07:50","3rd 7:50 -"
"3Q","216","07:49","3rd 7:49- 1J-,"
"3Q","217","07:48","3rd 7:48"
"3Q","218","07:47","3rd 7:47"
"3Q","219","07:46","3rd 7:46 24"
"3Q","220","07:45","3rd 7:45 24"
"3Q","221","07:44","3rd- 7:44 24"
"3Q","222","07:43","3rd 7:43"
"3Q","223","07:42","3rd 7:42"
"3Q","224","07:41","3rd 7:41"
"3Q","225","07:40","3rd 7:40 10"
"3Q","226","07:39","3rd 7:39 24"
"3Q","227","07:38","3rd- 7:38 -24"
"3Q","228","07:38","3rd- 7:38 -24"
"3Q","229","07:38","3rd- 7:38 24"
"3Q","230","07:38","3rd- 7:38 24"
"3Q","231","07:38","3rd 7:38 24"
"3Q","232","07:38","3rd 7:38 24"
"3Q","233","07:38","3rd 7:38 24"
"3Q","234","07:38","3rd- 7:38 -24"
"3Q","235","07:38","3rd 7:38 24"
"3Q","236","07:38","3rd 7:38 24"
"3Q","237","07:38","3rd- 7:38 24"
"3Q","238","07:38","3rd 7:38 24"
"3Q","239","07:38","3rd 7:38 24"
"3Q","240","07:38","3rd 7:38 24"
"3Q","250","07:38","3rd 7:38 24 •••"
"3Q","251","07:38","3rd 7:38 24"
"3Q","252","07:38","3rd 7:38 24"
"3Q","253","07:38","3rd 7:38 24"
"3Q","254","07:38","3rd 7:38 24"
"3Q","255","07:38","3rd 7:38 24"
"3Q","256","07:38","3rd 7:38 24"
"3Q","257","07:38","3rd 7:38 24"
"3Q","263","07:33","3rd 7:33"
"3Q","264","07:32","3rd 7:32"
"3Q","265","07:31","3rd- 7:31-16"
"3Q","270","07:26","3rd - 7:26"
"3Q","271","07:25","3rd-7:25- Kl"""
"3Q","272","07:24","3rd 7:24 24"
"3Q","273","07:23","3rd 7:23 24"
"3Q","274","07:22","3rd 7:22 24"
"3Q","275","07:21","3rd- 7:21"
"3Q","276","07:20","3rd 7:20 22"
"3Q","277","07:19","3rd 7:19"
"3Q","278","07:18","3rd 7:18"
"3Q","279","07:17","3rd 7:17"
"3Q","280","07:16","3rd 7:16"
"3Q","281","07:15","3rd 7:15"
"3Q","282","07:14","3rd 7:14"
"3Q","283","07:13","3rd 7:13"
"3Q","284","07:12","3rd 7:12 24"
"3Q","285","07:11","3rd 7:11 24"
"3Q","286","07:10","3rd 7:10 24"
"3Q","287","07:09","3rd-7:09 23"
"3Q","288","07:08","3rd 7:08-"
"3Q","289","07:07","3rd 7:07 - 21"
"3Q","290","07:06","3rd- 7:06 20"
"3Q","291","07:05","3rd-7:05 19-"
"3Q","292","07:05","3rd-7:05-19-"
"3Q","293","07:05","3rd 7:05 19"
"3Q","294","07:05","3rd-7:05 19"
"3Q","295","07:05","3rd 7:05-19"
"3Q","296","07:05","3rd-7:05 19"""
"3Q","297","07:05","3rd-7:05 19"
"3Q","298","07:05","3rd-7:05 19"
"3Q","311","07:05","3rd-7:05-19-"
"3Q","312","07:04","3rd-7:04- Tr"""
"3Q","313","07:03","3rd-7:03 17"
"3Q","314","07:02","3rd 7:02"
"3Q","315","07:01","3rd-7:01 -"
"3Q","316","07:00","3rd-7:00 M"
"3Q","317","06:59","3rd 6:59- Tr"""
"3Q","318","06:58","3rd 6:58 2"""
"3Q","319","06:57","3rd 6:57"
"3Q","320","06:56","3rd-6:56-10"""
"3Q","321","06:55","3rd 6:55 24"
"3Q","322","06:54","3rd 6:54-23"
"3Q","323","06:53","3rd- 6:53-22"
"3Q","324","06:52","3rd 6:52 21"""
"3Q","325","06:51","3rd 6:51"
"3Q","326","06:50","3rd- 6:50 19"
"3Q","327","06:49","3rd- 6:49 18"""
"3Q","328","06:48","3rd 6:48 17"
"3Q","329","06:47","3rd 6:47 24"
"3Q","330","06:46","3rd 6:46 23"
"3Q","331","06:45","3rd- 6:45 22"
"3Q","332","06:44","3rd 6:44 21"
"3Q","333","06:43","3rd- 6:43-20"
"3Q","335","06:41","3rd 6:41"
"3Q","336","06:40","3rd 6:40 ri"""
"3Q","337","06:39","3rd- 6:39 167"
"3Q","338","06:38","3rd 6:38"
"3Q","339","06:37","3rd- 6:37 14"
"3Q","340","06:36","3rd- 6:36 fl"
"3Q","341","06:35","3rd 6:35 2"""
"3Q","342","06:34","3rd 6:34"
"3Q","345","06:31","3rd 6:31"
"3Q","346","06:30",""" 3rd-6:30 10-"
"3Q","347","06:29","3rd 6:29 Kl"
"3Q","348","06:29","3rd 6:29 Kl"
"3Q","349","06:29","3rd 6:29 Kl"
"3Q","360","06:29","3rd- 6:29"
"3Q","361","06:29","3rd- 6:29 1J"""
"3Q","362","06:29","3rd-6:29- 1J"""
"3Q","363","06:29","3rd-6:29 W"""
"3Q","364","06:28","3rd- 6:28"
"3Q","365","06:27","3rd 6:27"
"3Q","366","06:26","3rd- 6:26-"
"3Q","367","06:25","3rd 6:25"
"3Q","368","08:24","3rd 8:24 16"
"3Q","369","06:23","3rd- 6:23 4:9"
"3Q","370","06:22","3rd 6:22 24"
"3Q","371","06:21","3rd 6:21-24"
"3Q","372","06:20","3rd 6:20 fJ"
"3Q","373","06:19","3rd 6:19"
"3Q","374","06:18","3rd 6:18"
"3Q","375","06:17","3rd 6:17"
"3Q","376","06:16","3rd 6:16"
"3Q","377","06:15","3rd 6:15"
"3Q","378","06:14","3rd 6:14 7-1"
"3Q","379","06:13","3rd 6:13"
"3Q","380","06:12","3rd 6:12"
"3Q","381","06:11","3rd 6:11 J5,"
"3Q","382","06:10","3rd 6:10 24 1"
"3Q","383","06:09","3rd- 6:09 24"
"3Q","384","06:08","3rd- 6:08 24"
"3Q","385","06:07","3rd 6:07 23"
"3Q","386","06:06","3rd- 6:06 22"
"3Q","387","06:05","3rd-6:05- 21"""
"3Q","388","06:04","3rd-6:04-20"
"3Q","389","06:03","3rd 6:03"
"3Q","392","06:00","3rd 6:00-16"
"3Q","393","05:59","3rd 5:59 %"""
"3Q","395","05:57","3rd-5:57 11"""
"3Q","396","05:56","3rd-5:56 2"
"3Q","397","05:55","3rd 5:55"
"3Q","398","05:54",""" 3rd 5:54 10"
"3Q","399","05:53","3rd 5:53 w I"
"3Q","400","05:52","3rd 5:52"
"3Q","401","05:51","3rd 5:51 24"
"3Q","402","05:50","3rd 5:50 24"
"3Q","403","05:49","3rd 5:49 23"
"3Q","404","05:48","3rd 5:48-22"
"3Q","405","05:47","3rd-5:47- 21"""
"3Q","406","05:46","3rd- 5:46 20"
"3Q","407","05:45","3rd- 5:45-19"
"3Q","408","05:44","3rd 5:44 18"
"3Q","409","05:43","3rd 5:43 17"""
"3Q","410","05:42","3rd 5:42 16"
"3Q","411","05:41","3rd 5:41"
"3Q","412","05:40","3rd-5:40-14-"
"3Q","413","05:39","3rd-5:39 11"""
"3Q","414","05:38","3rd-5:38 2"
"3Q","415","05:37","3rd-5:37"
"3Q","416","05:36","3rd- 5:36 lJ"
"3Q","417","05:36","3rd- 5:36 1J-"
"3Q","418","05:36","3rd 5:36-10"""
"3Q","419","05:36","3rd 5:36-10"""
"3Q","420","05:36","3rd 5:36 Kl"""
"3Q","421","05:36","3rd- 5:36 Kl"""
"3Q","422","05:36","3rd 5:36 Kl"
"3Q","423","05:36","3rd 5:36 10"
"3Q","424","05:36","3rd 5:36"
"3Q","425","05:36","3rd 5:36 j O"
"3Q","426","05:36","3rd 5:36"""
"3Q","436","05:36","3rd 5:36"
"3Q","437","05:36","3rd 5:36 7 0"
"3Q","438","05:36",""" 3rd 5:36"
"3Q","439","05:36","3rd-5:36 J o"
"3Q","440","05:36","3rd 5:36 ] 0"
"3Q","442","05:36","3rd 5:36"
"3Q","443","05:36","3rd 5:36'10"
"3Q","444","05:36","3rd 5:36 10"
"3Q","445","05:36","OREA 3rd 5:36"
"3Q","446","05:36","3rd 5:36"
"3Q","447","05:36","3rd-5:36 10"
"3Q","448","05:36","3rd 5:36 J o"
"3Q","449","05:36","3rd 5:36"
"3Q","450","05:36","3rd 5:36"
"3Q","451","05:36","3rd 5:36"
"3Q","452","05:36","3rd-5:36 7 0"
"3Q","453","05:36","3rd 5:36 J o"
"3Q","454","05:36","3rd 5:36 10"
"3Q","455","05:36","3rd 5:36 10"
"3Q","456","05:36","3rd 5:36 1 0"
"3Q","457","05:36","3rd 5:36 10"
"3Q","458","05:36","3rd 5:36 10-"
"3Q","459","05:36","3rd 5:36"
"3Q","460","05:36","3rd 5:36"
"3Q","461","05:36","3rd 5:36"
"3Q","462","05:36","3rd 5:36"""
"3Q","463","05:36","3rd 5:36"
"3Q","464","05:36","3rd 5:36"
"3Q","465","05:36","3rd 5:36"
"3Q","466","05:36","3rd 5:36 2 0"
"3Q","467","05:36","3rd 5:36"
"3Q","468","05:36","3rd 5:36"
"3Q","469","05:36","3rd 5:36"
"3Q","470","05:36","Il 3rd 5:36"""
"3Q","471","05:36","3rd 5:36"
"3Q","472","05:36","3rd 5:36"
"3Q","473","05:36","3rd 5:36"
"3Q","474","05:36","3rd 5:36"
"3Q","475","05:36","3rd 5:36"
"3Q","476","05:36","3rd 5:36-10"
"3Q","477","05:36","3rd 5:36 10"
"3Q","478","05:36","3rd 5:36"
"3Q","479","05:36",""" 3rd 5:36"
"3Q","480","05:36","3rd 5:36 10"
"3Q","481","05:36","3rd 5:36 10."
"3Q","482","05:36","3rd 5:36-10"
"3Q","483","05:36","3rd 5:36 1 0"
"3Q","484","05:36","3rd 5:36 1 0"
"3Q","485","05:36","3rd 5:36 a o"
"3Q","486","05:36","3rd 5:36 24"
"3Q","487","05:36","3rd 5:36 24"
"3Q","488","05:36","3rd 5:36 24"
"3Q","489","05:36","3rd 5:36 24"
"3Q","490","05:35","3rd 5:35 23"
"3Q","491","05:34","FIER 3rd- 5:34-"
"3Q","492","05:33","3rd 5:33 21-"
"3Q","493","05:32","3rd- 5:32 aJ"
"3Q","494","05:31","3rd 5:31"
"3Q","495","05:30","3rd-5:30- Tr°"
"3Q","496","05:29","3rd 5:29"
"3Q","497","05:28","3rd-5:28-16"
"3Q","498","05:27","3rd-5:27 %-"
"3Q","499","05:26","3rd 5:26 14-"
"3Q","500","05:25","3rd-5:25- Tr"""
"3Q","501","05:24","3rd 5:24 2"
"3Q","502","05:23","3rd-5:23 23"
"3Q","503","05:22","3rd- 5:22 22"
"3Q","504","05:21","3rd 5:21"
"3Q","505","05:20","3rd-5:20-20"
"3Q","506","05:19","3rd 5:19"
"3Q","507","05:18","3rd 5:18"
"3Q","508","05:17","3rd 5:17 -"
"3Q","509","05:16","3rd 5:16"
"3Q","510","05:15","3rd-5:15"
"3Q","511","05:14","3rd 5:14"
"3Q","512","05:13","3rd 5:13"
"3Q","513","05:12","3rd 5:12"
"3Q","514","05:11","3rd 5:11"
"3Q","515","05:10","3rd 5:10 24"
"3Q","521","05:04","3rd 5:04 aJ"
"3Q","522","05:03","3rd-5:03 19"""
"3Q","531","04:54","3rd 4:54 24"
"3Q","532","04:53","3rd 4:53 24"
"3Q","533","04:52",""" 3rd 4:52 24"
"3Q","534","04:51","3rd 4:51 24"
"3Q","535","04:50","3rd 4:50 23"
"3Q","536","04:49","3rd 4:49 ."
"3Q","537","04:48","3rd- 4:48 21-"
"3Q","538","04:47","3rd 4:47 a)"
"3Q","539","04:46","3rd 4:46 19"
"3Q","540","04:45","3rd- 4:45 18"
"3Q","541","04:44","3rd 4:44 ri"
"3Q","542","04:43","3rd 4:43 167"
"3Q","543","04:42","3rd 4:42 %-"
"3Q","544","04:41","3rd 4:41 23 '"
"3Q","545","04:40","3rd 4:40 22"
"3Q","546","04:39","3rd 4:39-"
"3Q","547","04:38","3rd 4:38 24"
"3Q","548","04:38","3rd 4:38 24"
"3Q","549","04:38","3rd 4:38 24"
"3Q","550","04:38","3rd 4:38 24"
"3Q","551","04:38","3rd 4:38 24"
"3Q","552","04:38","3rd 4:38 24"
"3Q","553","04:38","3rd 4:38 24"
"3Q","554","04:38","3rd 4:38 24"
"3Q","555","04:38","3rd 4:38 24"
"3Q","556","04:38","3rd 4:38 24"
"3Q","557","04:38","3rd 4:38 24"
"3Q","584","04:38","3rd 4:38 24"
"3Q","585","04:38","3rd 4:38 24"
"3Q","586","04:38","3rd 4:38 24"
"3Q","587","04:38","3rd 4:38 24"
"3Q","588","04:38","3rd 4:38 24"
"3Q","589","04:38","3rd 4:38 24"
"3Q","590","04:38","3rd 4:38 24"
"3Q","591","04:38","3rd 4:38 24"
"3Q","592","04:38","3rd 4:38 24"
"3Q","593","04:38","3rd 4:38 24"
"3Q","594","04:38","3rd 4:38 24"
"3Q","595","04:38","3rd 4:38 24 vur"
"3Q","643","04:38","3rd 4:38 24"
"3Q","644","04:38","3rd 4:38 24"
"3Q","645","04:38","3rd 4:38 24"
"3Q","646","04:38","3rd 4:38 24"
"3Q","647","04:38","3rd 4:38 24"
"3Q","648","04:38","3rd 4:38 24"
"3Q","649","04:38","3rd 4:38 24"
"3Q","650","04:38","3rd-4:38 23"
"3Q","651","04:37","3rd 4:37-"
"3Q","652","04:36","3rd 4:36- 21"""
"3Q","653","04:35","3rd- 4:35 20"
"3Q","654","04:34","3rd 4:34-19"
"3Q","655","04:33","3rd-4:33- Tr"""
"3Q","656","04:32","3rd-4:32 Tl-"
"3Q","657","04:31","3rd- 4:31"
"3Q","658","04:30","3rd-4:30"
"3Q","659","04:29","3rd 4:29 14-"
"3Q","660","04:28","3rd-4:28-"
"3Q","663","04:25","3rd- 4:25 10-"
"3Q","664","04:24","3rd- 4:24-"
"3Q","665","04:23","3rd- 4:23-"
"3Q","666","04:23","3rd- 4:23"
"3Q","667","04:23","3rd 4:23"
"3Q","668","04:23","3rd- 4:23"
"3Q","669","04:23","3rd- 4:23-"
"3Q","670","04:23","3rd 4:23"
"3Q","671","04:23","3rd 4:23"
"3Q","672","04:23","3rd 4:23"
"3Q","685","04:23","3rd- 4:23"""
"3Q","686","04:23","3rd- 4:23"""
"3Q","687","04:23","3rd- 4:23"""
"3Q","688","04:23","3rd- 4:23"""
"3Q","689","04:23","3rd- 4:23"
"3Q","690","04:23","3rd- 4:23"
"3Q","693","04:23","3rd 4:23"
"3Q","694","04:23","3rd 4:23"
"3Q","695","04:23","3rd 4:23"
"3Q","696","04:23","3rd 4:23"
"3Q","697","04:23","3rd 4:23"""
"3Q","698","04:23","3rd 4:23"
"3Q","699","04:23","3rd 4:23"
"3Q","700","04:23","3rd 4:23"
"3Q","701","04:23","3rd 4:23°"
"3Q","702","04:23","12 3rd 4:23 10"
"3Q","703","04:23","3rd 4:23"
"3Q","704","04:23","3rd-4:23-24"
"3Q","705","04:23","3rd- 4:23 24"
"3Q","706","04:23","3rd 4:23 24"
"3Q","707","04:23","3rd- 4:23-24"
"3Q","708","04:23","3rd- 4:23-24"
"3Q","709","04:23","3rd- 4:23-24"
"3Q","710","04:23","3rd 4:23-24"
"3Q","711","04:23","3rd 4:23 24"
"3Q","712","04:23","3rd 4:23-24"
"3Q","713","04:23","3rd 4:23 24"
"3Q","714","04:23","3rd 4:23 24"
"3Q","715","04:23","3rd 4:23-24"
"3Q","716","04:23",""" 3rd 4:23 24"
"3Q","717","04:23",""" 3rd 4:23 24"
"3Q","718","04:23","3rd 4:23 24"
"3Q","719","04:23","3rd 4:23 23"
"3Q","720","04:22","3rd 4:22-"
"3Q","721","04:21","3rd 4:21-"
"3Q","722","04:20","3rd-4:20 20"
"3Q","723","04:19","3rd 4:19"
"3Q","724","04:18","3rd-4:18 -182"
"3Q","725","04:17","3rd 4:17"
"3Q","726","04:16","3rd 4:16 24"
"3Q","727","04:15","3rd- 4:15 fl"
"3Q","728","04:14","3rd 4:14 24"
"3Q","729","04:13","° 3rd 4:13 24"
"3Q","730","04:12","3rd 4:12 24"
"3Q","731","04:11","3rd 4:11 24"
"3Q","732","04:10","3rd 4:10"
"3Q","733","04:09","3rd 4:09 21-"
"3Q","734","04:08","3rd-4:08 21"""
"3Q","735","04:07","3rd-4:07 19p"
"3Q","736","04:06","•i 3rd-4:06 19"
"3Q","737","04:05","3rd 4:05 18"""
"3Q","738","04:04","3rd-4:04 17-"
"3Q","739","04:03","3rd-4:03 16v IK"
"3Q","740","04:02","3rd- 4:02"
"3Q","741","04:01","3rd- 4:01"
"3Q","742","04:00","3rd-4:00 Tr"""
"3Q","743","03:59","3rd-3:59"
"3Q","744","03:58","3rd 3:58"
"3Q","745","03:57","3rd 3:57- Kl,"
"3Q","749","03:57","3rd 3:57 Kl"
"3Q","750","03:57","3rd 3:57- Kl-"
"3Q","769","03:56","3rd-3:56 f3"""
"3Q","770","03:55","3rd 3:55 24"
"3Q","775","03:50","3Td 3:50 21"
"3Q","776","03:49","3Td 3:49 20"
"3Q","777","03:48","3rd 3:48-19ki"
"3Q","778","03:47","3rd 3:47- Tr-"
"3Q","779","03:46","3rd 3:46 - Tl"
"3Q","780","03:45","3rd 3:45 16"
"3Q","785","03:40","3rd 3:40"
"3Q","786","03:39","3rd-3:39 W-"
"3Q","787","03:38","3rd 3:38"
"3Q","788","03:37","3rd-3:37"
"3Q","789","03:36","3rd 3:36"
"3Q","790","03:35","- 3rd 3:35"
"3Q","791","03:34","3rd 3:34 J 5."
"3Q","792","03:33","3rd 3:33 4,8"
"3Q","793","03:32","3rd 3:32 19"
"3Q","794","03:31","3rd 3:31 .2:9 ."
"3Q","795","03:30","3rd 3:30 jL8"
"3Q","796","03:29","3rd 3:29 24"
"3Q","797","03:28","3rd 3:28 10"
"3Q","803","03:22","3rd 3:22 ZJ"
"3Q","804","03:21","3rd 3:21"
"3Q","805","03:20","3rd 3:20- 21"
"3Q","806","03:19","3rd 3:19"
"3Q","807","03:18","3rd 3:18"
"3Q","808","03:17","3rd- 3:17"
"3Q","809","03:16","3rd 3:16"
"3Q","810","03:15","3rd 3:15 16"""
"3Q","811","03:14","3rd 3:14"
"3Q","812","03:13","3rd 3:13"
"3Q","813","03:12","3rd 3:12"
"3Q","814","03:11","3rd 3:11"
"3Q","815","03:10","3rd 3:10"
"3Q","821","03:04","3Td-3:04"
"3Q","826","02:59","3rd 2:59 ai"
"3Q","827","02:58","3rd-2:58- W-"
"3Q","828","02:57","3rd-2:57-24"
"3Q","829","02:56","3rd 2:56 23"
"3Q","830","02:55","3rd 2:55 22"
"3Q","831","02:54","3rd 2:54 21-"
"3Q","832","02:54","3rd-2:54 a)"
"3Q","833","02:52","3rd 2:52-19"
"3Q","834","02:51","3rd 2:51 18"
"3Q","836","02:49","3rd- 2:49 16r"
"3Q","837","02:48","3rd-2:48-%"
"3Q","838","02:47","3rd 2:47 - 14"
"3Q","839","02:46","3rd 2:46 24"
"3Q","840","02:45","3rd 2:45 24"
"3Q","841","02:44","3rd 2:44-24"
"3Q","842","02:43","3rd- 2:43 23"
"3Q","843","02:42","-' 3rd 2:42 22 1"
"3Q","844","02:41","3rd 2:41"
"3Q","845","02:40","3rd- 2:40-aJ"
"3Q","846","02:39","3rd-2:39-"
"3Q","847","02:38","3rd 2:38 -' 18-"
"3Q","849","02:36","3rd- 2:36 16"
"3Q","850","02:35","3rd-2:35"
"3Q","851","02:34","3rd 2:34-14"
"3Q","852","02:33","3rd 2:33-23"
"3Q","853","02:32","3rd 2:32-22"
"3Q","854","02:31","3rd 2:31"
"3Q","855","02:30","E 1 3rd 2:30"
"3Q","860","02:28","3rd 2:28 24"
"3Q","861","02:28","3rd 2:28 24"
"3Q","862","02:28","3rd 2:28 24"
"3Q","863","02:28","3rd 2:28 24"
"3Q","864","02:28","3rd 2:28 24"
"3Q","865","02:28","3rd 2:28 24"
"3Q","866","02:28","3rd 2:28 24"
"3Q","867","02:28","3rd 2:28 24"
"3Q","868","02:28","3rd 2:28 24"
"3Q","869","02:28","3rd 2:28 24"
"3Q","870","02:28","3rd 2:28 24"
"3Q","871","02:28","d l)MlJ, 3rd 2:28 24"
"3Q","872","02:28","3rd 2:28 24"
"3Q","954","02:28","3rd 2:28 24 fnDMvv6"
"3Q","955","02:28","3rd 2:28 24"
"3Q","957","02:28","3rd 2:28 24"
"3Q","958","02:28","3rd 2:28 24"
"3Q","959","02:28","3rd 2:28 24"
"3Q","960","02:28","3rd 2:28 24"
"3Q","961","02:28","3rd 2:28 24"
"3Q","962","02:28","3rd 2:28 24"
"3Q","963","02:28","3rd 2:28 24"
"3Q","964","02:28","3rd 2:28 24"
"3Q","965","02:28","3rd 2:28 24"
"3Q","966","02:28","3rd 2:28 24"
"3Q","967","02:28","3rd 2:28-23"
"3Q","968","02:27","3rd 2:27 22"
"3Q","969","02:26","3rd 2:26 21"""
"3Q","970","02:25","3rd 2:25 aJ"
"3Q","971","02:24","3rd 2:24-19"
"3Q","972","02:23","3rd 2:23-18"""
"3Q","973","02:22","3rd 2:22- ri"""
"3Q","974","02:21","3rd 2:21"
"3Q","975","02:20","3rd 2:20"
"3Q","976","02:19","3rd-2:19 -"
"3Q","977","02:18","3rd 2:18"
"3Q","978","02:17","3rd 2:17 2r"
"3Q","979","02:16","3rd 2:16 2"" 11"
"3Q","980","02:15","3rd 2:15"
"3Q","981","02:14","3rd 2:14"
"3Q","982","02:13","3rd 2:13"
"3Q","983","02:12","3rd 2:12 24"
"3Q","984","02:11","3rd 2:11"
"3Q","985","02:10","3rd 2:10"
"3Q","986","02:09","3rd-2:09- 21"""
"3Q","987","02:08","3rd 2:08 al"
"3Q","992","02:03","3rd 2:03"
"3Q","993","02:02","3rd 2:02 M"
"3Q","994","02:01","3rd- 2:01- flkY"
"3Q","996","01:59","3rd 1:59"
"3Q","997","01:58","3rd 1:58"
"3Q","998","01:57","3rd-1:57 -"
"3Q","999","01:56","3rd 1:56"
"3Q","1000","01:55","3rd 1:55 -"
"3Q","1001","01:54","3rd 1:54 -"
"3Q","1002","01:53","3rd 1:53"
"3Q","1003","01:52","3rd 1:52 J 5"
"3Q","1004","01:51","3rd 1:51 '3.91"
"3Q","1005","01:50","3rd 1:50 &0"
"3Q","1006","01:49","3rd 1:49 Ji9"
"3Q","1007","01:48","3rd 1:48 Jio"
"3Q","1008","01:47","3rd 1:47"
"3Q","1009","01:46","3rd 1:46"
"3Q","1010","01:45","3rd 1:45"
"3Q","1011","01:44","3rd-1:44"
"3Q","1012","01:43","3rd 1:43"
"3Q","1013","01:42","3rd 1:42"
"3Q","1014","01:41","3rd 1:41"
"3Q","1015","01:40","3rd 1:40 -_161"
"3Q","1016","01:39","3rd 1:39"
"3Q","1017","01:38","3rd 1:38"
"3Q","1018","01:37","3rd 1:37 -"
"3Q","1019","01:36","3rd 1:36"
"3Q","1020","01:35","3rd 1:35 24"
"3Q","1021","01:34","3rd 1:34 24"
"3Q","1022","01:33","3rd 1:33 24"
"3Q","1023","01:32","3rd 1:32 24"
"3Q","1024","01:31","3rd 1:31"
"3Q","1025","01:30","3rd 1:30"
"3Q","1026","01:29","3rd 1:29"
"3Q","1027","01:28","3rd 1:28"
"3Q","1028","01:27","3rd 1:27 -"
"3Q","1029","01:26","3rd 1:26"
"3Q","1030","01:25","3rd 1:25"
"3Q","1031","01:24","3rd 1:24"
"3Q","1032","01:23","3rd 1:23"
"3Q","1033","01:22","3rd 1:22"
"3Q","1034","01:21","3rd 1:21"
"3Q","1035","01:20","3rd 1:20"
"3Q","1036","01:19","3rd 1:19"
"3Q","1037","01:18","3rd 1:18"
"3Q","1038","01:17","3rd-1:17"
"3Q","1039","01:16","3rd 1:16 -24"
"3Q","1040","01:15","3rd 1:15 -24"
"3Q","1041","01:14","3rd 1:14 24"
"3Q","1042","01:13","3rd 1:13"
"3Q","1043","01:12","3rd 1:12"
"3Q","1044","01:11","3rd 1:11"
"3Q","1045","01:10","3rd 1:10"
"3Q","1046","01:10","3rd 1:10"
"3Q","1047","01:10","3rd 1:10"
"3Q","1048","01:10","3rd 1:10"
"3Q","1049","01:10","3rd 1:10"
"3Q","1050","01:10","3rd 1:10"
"3Q","1069","01:09","3Td-1:09"
"3Q","1070","01:08","3rd 1:08 -"
"3Q","1071","01:07","3rd 1:07"
"3Q","1072","01:06","3rd 1:06"
"3Q","1073","01:05","3rd 1:05"
"3Q","1074","01:04","3rd 1:04"
"3Q","1076","01:02","3rd-1:02 -"
"3Q","1077","01:01","3rd 1:01-"
"3Q","1178","01:59","3rd 1:59 24"
"3Q","1179","01:58","3rd 1:58 24"
"3Q","1182","01:55","3rd 1:55 24"
"3Q","1183","01:54","3rd 1:54 -24"
"3Q","1184","01:53","3rd 1:53 24"
"4Q","0","09:56","4th 9:56 20"
"4Q","5","09:51","4th 9:51 '"
"4Q","6","09:50","4th 9:50 14"
"4Q","7","09:49","4th- 9:49 fl-"
"4Q","8","09:48","4th-9:48 2-"
"4Q","9","09:47","4th 9:47"
"4Q","10","09:46","4th- 9:46 Kl"""
"4Q","11","09:46","4th- 9:46 Kl-"
"4Q","12","09:46","4th 9:46 Klr"
"4Q","13","09:46","4th 9:46"
"4Q","14","09:46","4th 9:46 24"
"4Q","15","09:46","4th 9:46 24"
"4Q","16","09:46","4th 9:46 24"
"4Q","17","09:46","4th 9:46 24"
"4Q","18","09:46","4th- 9:46 24"
"4Q","19","09:46","4th 9:46 24"
"4Q","20","09:46","4th 9:46 24"
"4Q","30","09:41","4th 9:41 19"
"4Q","31","09:40","4th 9:40 18"""
"4Q","32","09:39","4th 9:39 ri"""
"4Q","33","09:38","4th 9:38"
"4Q","35","09:37","4th 9:37"
"4Q","36","09:37","4th 9:37 %-."
"4Q","37","09:37","4th 9:37"
"4Q","38","09:37","4th 9:37"
"4Q","39","09:37","4th 9:37"
"4Q","40","09:37","4th 9:37"
"4Q","41","09:37","4th 9:37"
"4Q","42","09:37","4th 9:37"
"4Q","43","09:37","4th 9:37 %-"
"4Q","44","09:37","4th 9:37 %"""
"4Q","45","09:37","4th 9:37"
"4Q","46","09:37","4th 9:37"
"4Q","47","09:37","4th 9:37"
"4Q","48","09:37","4th 9:37 %7"
"4Q","49","09:37","4th 9:37"
"4Q","50","09:37","4th 9:37-"
"4Q","51","09:37","4th 9:37-"
"4Q","52","09:37","4th 9:37"
"4Q","53","09:36","4th 9:36 N"
"4Q","54","09:35","4th 9:35 fJ"""
"4Q","55","09:34","4th 9:34"
"4Q","56","09:33","4th 9:33"
"4Q","59","09:30","4th"" 9:30"
"4Q","61","09:28","4th 9:28 24"
"4Q","62","09:27","4th 9:27 24"
"4Q","63","09:26","4th 9:26 24"
"4Q","64","09:26","4th 9:26 24"
"4Q","65","09:26","4th 9:26 24"
"4Q","66","09:26","4th 9:26 24"
"4Q","67","09:26","4th 9:26 24"
"4Q","68","09:26","4th 9:26 24"
"4Q","69","09:26","4th 9:26 24"
"4Q","70","09:26","4th 9:26 24"
"4Q","71","09:26","4th 9:26 23"
"4Q","72","09:25","4th 9:25 22"
"4Q","73","09:24","4th 9:24 21*"
"4Q","74","09:23","4th- 9:23-al"
"4Q","75","09:22","4th 9:22 19"
"4Q","76","09:21","4th 9:21"
"4Q","77","09:20","4th 9:20 ' ri"
"4Q","78","09:19","4th 9:19 -"
"4Q","79","09:18","4th 9:18 TrpJ"
"4Q","80","09:17","4th 9:17"
"4Q","81","09:16","4th 9:16"
"4Q","82","09:15","4th 9:15"
"4Q","83","09:14","4th 9:14"
"4Q","84","09:13","4th 9:13"
"4Q","85","09:12","4th 9:12 Kl"
"4Q","86","09:11","4th 9:11"
"4Q","87","09:10","4th 9:10"
"4Q","90","09:07","4th 9:07 J 5"
"4Q","93","09:04","4th 9:04"
"4Q","94","09:03","4th 9:03 21"""
"4Q","95","09:02","4th 9:02 20"
"4Q","96","09:01","4th 9:01"
"4Q","97","09:00","4th- 9:00 18"""
"4Q","98","08:59","4th 8:59 Tl"
"4Q","101","08:56","4th 8:56 24"
"4Q","102","08:55","4th 8:55 24"
"4Q","103","08:54","4th 8:54 24"
"4Q","104","08:53","4th 8:53 23"
"4Q","105","08:52","4th 8:52 22"
"4Q","106","08:51","4th 8:51"
"4Q","107","08:50","4th 8:50 21-"
"4Q","108","08:49","4th 8:49 19"
"4Q","109","08:48","4th 8:48-18"
"4Q","110","08:47","4th 8:47 18"
"4Q","111","08:46","4th- 8:46-"
"4Q","112","08:45","4th 8:45-"
"4Q","113","08:44","4th 8:44-14-"
"4Q","114","08:43","4th 8:43 fl¥"
"4Q","115","08:42","4th 8:42 2"
"4Q","116","08:41","4th 8:41"
"4Q","117","08:40","4th- 8:40 KI"""
"4Q","118","08:39","4th 8:39"
"4Q","119","08:38","4th 8:38"
"4Q","120","08:37","4th 8:37"
"4Q","121","08:36","4th 8:36"
"4Q","122","08:35","4th 8:35"
"4Q","123","08:34","4th 8:34"
"4Q","124","08:33","4th 8:33 24"
"4Q","125","08:32","4th 8:32 23"
"4Q","126","08:31","4th 8:31"
"4Q","127","08:30","4th 8:30 21-"
"4Q","128","08:29","4th- 8:29 aJ"
"4Q","129","08:28","4th- 8:28 19"""
"4Q","130","08:27","4th 8:27 18-"
"4Q","131","08:26","4th 8:26 24"
"4Q","132","08:26","4th 8:26 24"
"4Q","133","08:26","4th 8:26 24"
"4Q","134","08:26","4th 8:26 24"
"4Q","135","08:26",""" 4th 8:26 24"
"4Q","136","08:26","4th 8:26 24"
"4Q","137","08:26","4th 8:26 24"
"4Q","138","08:26","4th 8:26 24"
"4Q","139","08:26","4th 8:26 24"
"4Q","140","08:26","4th 8:26 24"
"4Q","163","08:26","4th 8:26 24"
"4Q","164","08:26","4th 8:26 24"
"4Q","165","08:26","4th 8:26 24"
"4Q","166","08:26","4th 8:26 24"
"4Q","167","08:26","4th 8:26 24"
"4Q","220","08:26","4th 8:26 24 •PIBAWL"
"4Q","221","08:26","4th 8:26 24"
"4Q","222","08:26","4th 8:26 24"
"4Q","223","08:26","4th 8:26 24"
"4Q","224","08:26","4th- 8:26 23"
"4Q","225","08:26","4th 8:26 22"
"4Q","226","08:24","4th 8:24 21"""
"4Q","227","08:23","4th 8:23 aJ"
"4Q","228","08:23","4th 8:23 20"
"4Q","229","08:21","4th 8:21"
"4Q","230","08:21","4th 8:21"
"4Q","231","08:19","4th 8:19"
"4Q","232","08:19","4th 8:19"
"4Q","233","08:18","4th 8:18 '"
"4Q","234","08:16","4th 8:16"
"4Q","235","08:15","4th 8:15"
"4Q","236","08:15","4th 8:15"
"4Q","237","08:15","4th 8:15"
"4Q","238","08:15","4th 8:15"
"4Q","239","08:15","4th 8:15"
"4Q","240","08:15","4th 8:15 2"
"4Q","241","08:15","4th 8:15 2"
"4Q","242","08:15","4th 8:15 2"
"4Q","243","08:15","4th 8:15"
"4Q","244","08:15","4th 8:15"
"4Q","245","08:15","4th 8:15"
"4Q","246","08:15","4th 8:15"
"4Q","247","08:15","4th 8:15"
"4Q","248","08:15","4th 8:15"
"4Q","249","08:15","4th 8:15"
"4Q","250","08:15","4th 8:15"
"4Q","251","08:15","4th 8:15"
"4Q","252","08:15","4th 8:15"
"4Q","253","08:15","4th 8:15"
"4Q","254","08:15","4th 8:15"
"4Q","255","08:15","4th 8:15"
"4Q","256","08:14","4th 8:14"
"4Q","257","08:13","4th 8:13 2"
"4Q","258","08:12","4th 8:12"
"4Q","260","08:10","4th 8:10"
"4Q","261","08:10","4th 8:10"
"4Q","262","08:10","4th 8:10"
"4Q","263","08:10","4th 8:10"
"4Q","264","08:10","4th 8:10"
"4Q","265","08:10","4th 8:10"
"4Q","266","08:10","4th 8:10"
"4Q","267","08:10","4th 8:10"
"4Q","268","08:10","4th 8:10"
"4Q","269","08:10","4th 8:10"
"4Q","270","08:10","4th 8:10"
"4Q","271","08:10","4th 8:10"
"4Q","272","08:10","4th 8:10"
"4Q","273","08:10","•••• 4th 8:10"
"4Q","274","08:10","4th 8:10"
"4Q","275","08:10","4th 8:10"
"4Q","276","08:10","4th 8:10"
"4Q","286","08:10","4th 8:10"
"4Q","287","08:10","4th 8:10"
"4Q","288","08:10","4th 8:10"
"4Q","289","08:09","4th 8:09- fJ-"
"4Q","290","08:08","4th 8:08 2-"
"4Q","291","08:08","4th 8:08"
"4Q","292","08:07","4th-8:07-10-"
"4Q","293","08:05","4th 8:05"
"4Q","294","08:04","4th- 8:04"
"4Q","295","08:03","4th 8:03"
"4Q","296","08:02","4th 8:02"
"4Q","298","08:00",""" 4th 8:00 4.6"
"4Q","299","07:59","4th 7:59 ""'3.5"
"4Q","300","07:58","4th 7:58 "" 2.9"
"4Q","301","07:57","4th 7:57 1.6"
"4Q","302","07:56","4th 7:56 "" 0.8"
"4Q","303","07:55","4th 7:55 24"
"4Q","304","07:54","4th 7:54 24"
"4Q","305","07:53","4th 7:53 23"
"4Q","306","07:53","4th- 7:53 - 22"
"4Q","307","07:51","4th 7:51"
"4Q","308","07:50","4th 7:50 a)"
"4Q","309","07:49","4th 7:49 * 1"
"4Q","310","07:48","4th 7:48 TrLI"
"4Q","311","07:47","4th 7:47 24"
"4Q","312","07:46","4th 7:46 24"
"4Q","313","07:45","4th 7:45 24"""
"4Q","314","07:44","4th 7:44 24"
"4Q","315","07:43","4th 7:43 24"
"4Q","316","07:42","4th 7:42 23"
"4Q","317","07:41","4th 7:41"
"4Q","318","07:40","4th 7:40 21-"
"4Q","319","07:40","4th 7:40 21"""
"4Q","320","07:40","4th 7:40 21"""
"4Q","321","07:40","' 4th 7:40 21-"
"4Q","322","07:40","4th 7:40 21-"
"4Q","323","07:40","4th 7:40 21"""
"4Q","324","07:40","4th 7:40 21"
"4Q","325","07:40","4th 7:40 21"""
"4Q","326","07:40","4th 7:40 21-"
"4Q","327","07:40","4th 7:40 21-"
"4Q","328","07:40","4th- 7:40 21"""
"4Q","329","07:40","- 4th 7:40 21"
"4Q","330","07:40","+• 4th 7:40 21- •••T*"
"4Q","331","07:40","*4. 4th 7:40 21"""
"4Q","332","07:40","4th- 7:40 21"
"4Q","333","07:40","4th 7:40 21"
"4Q","334","07:40","4th 7:40 21"
"4Q","335","07:40","4th 7:40 21"""
"4Q","336","07:40","4th 7:40 21"""
"4Q","337","07:40","4th 7:40 21"""
"4Q","338","07:40","4th 7:40"
"4Q","339","07:40","4th 7:40 21-"
"4Q","340","07:40","+*p*'. 4th 7:40"
"4Q","341","07:40","4th 7:40"
"4Q","342","07:40","4th 7:40"
"4Q","343","07:40","4th 7:40"
"4Q","344","07:40","4th 7:40 21"""
"4Q","345","07:40","4th 7:40 21"""
"4Q","346","07:40","4th 7:40 21"""
"4Q","347","07:40","4th 7:40 21"
"4Q","348","07:40","4th 7:40 21"
"4Q","349","07:40","4th 7:40 21"""
"4Q","350","07:40","4th 7:40 21"
"4Q","351","07:40","4th 7:40 21-"
"4Q","352","07:40","4th 7:40 21"""
"4Q","353","07:40","4th 7:40 21"""
"4Q","354","07:40","4th 7:40 21"""
"4Q","355","07:40","4th 7:40 21"""
"4Q","356","07:40","4th 7:40 21"
"4Q","357","07:40","4th 7:40 21"
"4Q","358","07:40","4th 7:40 21-"
"4Q","359","07:40","4th 7:40 21-"
"4Q","360","07:40","4th 7:40 21-"
"4Q","361","07:40","4th 7:40 21-"
"4Q","362","07:40","4th 7:40 21-"
"4Q","363","07:40","4th 7:40 21"
"4Q","364","07:40","4th 7:40 21"
"4Q","365","07:40","4th 7:40 21"
"4Q","366","07:40","4th 7:40 21"
"4Q","367","07:40","4th 7:40 21-"
"4Q","368","07:40","4th 7:40 21"""
"4Q","369","07:40","4th 7:40"
"4Q","370","07:40","4th 7:40"
"4Q","371","07:40","4th 7:40 21-"
"4Q","372","07:40","4th 7:40 21-"
"4Q","373","07:40","4th 7:40 21"""
"4Q","374","07:40","4th 7:40"
"4Q","375","07:40","4th 7:40"
"4Q","376","07:40","4th 7:40 a)"
"4Q","377","07:39","4th 7:39"
"4Q","378","07:38","4th 7:38"
"4Q","379","07:37","4th- 7:37"
"4Q","380","07:36","4th 7:36"
"4Q","381","07:35","4th 7:35 UL"
"4Q","382","07:34","4th 7:34"
"4Q","383","07:33","4th- 7:33 -"
"4Q","384","07:32","4th 7:32"
"4Q","385","07:31","4th 7:31"
"4Q","391","07:25","4th 7:25 23"
"4Q","392","07:24","4th 7:24"
"4Q","393","07:23","4th 7:23 24"
"4Q","394","07:22","4th 7:22 24"
"4Q","395","07:21","4th 7:21 24"
"4Q","396","07:20","rAniA 4th 7:20 24"
"4Q","397","07:19","4th 7:19 24"
"4Q","398","07:18","4th 7:18 24"
"4Q","399","07:18","4th 7:18 24"
"4Q","400","07:16","4th 7:16"
"4Q","401","07:15","4th 7:15"
"4Q","402","07:14","4th 7:14"
"4Q","403","07:13","4th 7:13"
"4Q","404","07:12","4th- 7:12"
"4Q","405","07:11","4th 7:11"
"4Q","406","07:10","4th 7:10"
"4Q","407","07:09","4th 7:09"
"4Q","408","07:08","4th 7:08 14-"
"4Q","409","07:07","4th 7:07"
"4Q","410","07:06","4th 7:06 ?"""
"4Q","411","07:05","4th 7:05"
"4Q","412","07:04","4th 7:04 24"
"4Q","413","07:03","4th 7:03 24"
"4Q","414","07:02","4th 7:02 24"
"4Q","415","07:01","4th 7:01"
"4Q","416","07:00","4th 7:00 21"""
"4Q","417","06:59","4th 6:59 aJ"
"4Q","418","06:58","4th 6:58"
"4Q","419","06:57","4th- 6:57 19"""
"4Q","420","06:58","4th 6:58 Tl"""
"4Q","421","06:55","4th 6:55 16-"
"4Q","422","06:54","4th 6:54 %-"
"4Q","423","06:53","4th 6:53 14"""
"4Q","424","06:52","4th 6:52 14."
"4Q","425","06:51","4th 6:51"
"4Q","426","06:50","4th 6:50"
"4Q","427","06:49","4th 6:49"
"4Q","428","06:48","4th 6:48"
"4Q","429","06:47","4th 6:47"
"4Q","430","06:46","4th 6:46"
"4Q","431","06:45","4th 6:45 -"
"4Q","432","06:44","4th 6:44 -"
"4Q","433","08:43","4th 8:43 J5 1"
"4Q","434","06:43","4th 6:43"""
"4Q","435","06:43","4th 6:43 24"
"4Q","436","06:43","4th 6:43 24"
"4Q","437","06:43","4th 6:43 24"
"4Q","438","06:43","4th 6:43 24"
"4Q","439","06:43","4th 6:43 24"
"4Q","440","06:43","4th 6:43 24"
"4Q","441","06:43","4th 6:43 24"
"4Q","442","06:43","4th 6:43 24"
"4Q","443","06:43","4th 6:43 24"
"4Q","444","06:43","4th 6:43 23"
"4Q","445","06:42","4th 6:42 22"
"4Q","446","06:41","4th 6:41"
"4Q","447","06:40","4th 6:40 20"
"4Q","448","06:39","4th 6:39 19"""
"4Q","449","06:38","4th 6:38 Tr"""
"4Q","450","06:37","4th 6:37"
"4Q","451","06:36","4th 6:36"
"4Q","452","06:35","4th 6:35 %sJ"
"4Q","453","06:34","4th 6:34 M-"
"4Q","454","06:33","4th 6:33 fl"""
"4Q","455","06:32","4th 6:32 2"""
"4Q","456","06:31","4th 6:31"
"4Q","457","06:30","4th- 6:30 KI-,"
"4Q","458","06:29","4th- 6:29"
"4Q","459","06:28","4th 6:28"
"4Q","460","06:27","4th 6:27"
"4Q","461","06:26","4th 6:26"
"4Q","462","06:26","4th 6:26"
"4Q","463","06:26","4th 6:26 24"
"4Q","464","06:26","4th 6:26 24"
"4Q","465","06:26","4th 6:26 24"
"4Q","466","06:26","4th 6:26 24"
"4Q","467","06:26","4th 6:26 24"
"4Q","468","06:26","4th 6:26 24"
"4Q","469","06:26","4th 6:26 24"
"4Q","470","06:26","4th 6:26 24"
"4Q","471","06:26","4th 6:26 24"
"4Q","472","06:26","4th 6:26 24"
"4Q","473","06:26","4th 6:26 24"
"4Q","474","06:26","4th 6:26 24"
"4Q","475","06:26","4th 6:26 24"
"4Q","476","06:26","4th 6:26 24"
"4Q","477","06:26","4th 6:26 24"
"4Q","478","06:25","4th 6:25 -23"
"4Q","479","06:24","4th 6:24 & 1"
"4Q","480","06:23","IJAL 4th 6:23 21"
"4Q","483","06:20","4th~6:20 Tr"""
"4Q","484","06:19","4th 6:19"
"4Q","485","06:19","4th 6:19"
"4Q","486","06:19","4th 6:19"
"4Q","487","06:19","1• 4th 6:19"
"4Q","488","06:19","4th 6:19"
"4Q","489","06:19","4th 6:19"
"4Q","490","06:19","4th 6:19"
"4Q","491","06:19","4th 6:19"
"4Q","492","06:19","4th 6:19"
"4Q","502","06:19","4th 6:19 24"
"4Q","503","06:19","4th 6:19 24"
"4Q","504","06:19","4th 6:19 24"
"4Q","505","06:19","4th 6:19 24"
"4Q","506","06:19","4th 6:19 24"
"4Q","507","06:19","4th 6:19 24"
"4Q","508","06:19","4th 6:19 24"
"4Q","509","06:19","4th 6:19 24"
"4Q","510","06:19","4th 6:19 24"
"4Q","511","06:19","4th 6:19 24"
"4Q","512","06:19","4th 6:19 24"
"4Q","513","06:19","4th 6:19 24"
"4Q","514","06:19","4th 6:19 24"
"4Q","515","06:19","4th 6:19 24"
"4Q","516","06:19","4th 6:19 24"
"4Q","517","06:19","4th 6:19 24"
"4Q","518","06:19","4th 6:19 24"
"4Q","519","06:19","4th 6:19"
"4Q","520","06:18","4th 6:18"
"4Q","521","06:17","4th 6:17"
"4Q","522","06:16","4th 6:16"
"4Q","523","06:15","4th 6:15"
"4Q","524","06:14","4th 6:14"
"4Q","525","06:13","4th 6:13"
"4Q","526","06:12","4th 6:12"
"4Q","527","06:11","4th 6:11"
"4Q","528","06:10","4th 6:10"
"4Q","530","06:08","4th-6:08"
"4Q","531","06:07","4th 6:07"
"4Q","532","06:06","4th 6:06"
"4Q","533","06:05","4th 6:05"
"4Q","534","06:04","4th 6:04"
"4Q","535","06:03","4th 6:03"
"4Q","536","06:02","4th 6:02"
"4Q","539","05:59","4th 5:59 23"
"4Q","540","05:58","4th 5:58"
"4Q","541","05:57","4th 5:57"
"4Q","542","05:56","4th 5:56 20"
"4Q","543","05:55","4th 5:55 19-"
"4Q","544","05:54","4th 5:54"
"4Q","545","05:53","4th 5:53 24"
"4Q","546","05:52","4th 5:52 - 24"
"4Q","547","05:51","4th 5:51"
"4Q","548","05:50","4th 5:50 21"
"4Q","549","05:49","4th 5:49 a)"
"4Q","550","05:48","4th 5:48"
"4Q","551","05:47","4th 5:47 Tr"""
"4Q","552","05:46","4th 5:46 17"""
"4Q","553","05:45","4th 5:45 16"
"4Q","554","05:44","4th 5:44 16"
"4Q","555","05:43","4th 5:43 E"""
"4Q","556","05:42","4th 5:42 14"
"4Q","557","05:41","4th 5:41 f3"
"4Q","558","05:40","4th 5:40 2"
"4Q","559","05:39","4th 5:39"
"4Q","560","05:38","4th 5:38 Kl"""
"4Q","561","05:37","4th 5:37"
"4Q","562","05:36","4th 5:36"
"4Q","563","05:35","4th 5:35"
"4Q","564","05:34","4th 5:34"
"4Q","565","05:33","4th 5:33"
"4Q","566","05:32","4th 5:32 24"
"4Q","567","05:31","4th 5:31"
"4Q","568","05:30","4th 5:30 22"
"4Q","569","05:29","4th 5:29 21"""
"4Q","570","05:28","4th 5:28 al"
"4Q","571","05:27","4th 5:27-19"
"4Q","572","05:26","4th 5:26 18"""
"4Q","573","05:25","4th 5:25"
"4Q","574","05:24","4th 5:24 16"""
"4Q","575","05:23","4th 5:23 %-"
"4Q","577","05:21","4th 5:21"
"4Q","578","05:20","4th 5:20 2-"
"4Q","579","05:19","4th 5:19"
"4Q","580","05:18","4th 5:18"
"4Q","581","05:17","4th 5:17"
"4Q","582","05:16","4th 5:16"
"4Q","583","05:15","4th 5:15"
"4Q","584","05:14","4th 5:14"
"4Q","585","05:13","4th 5:13"
"4Q","586","05:12","4th 5:12 24"
"4Q","587","05:11","4th 5:11 24"
"4Q","588","05:10","4th 5:10"
"4Q","589","05:09","4th- 5:09 22"
"4Q","590","05:08","4th 5:08 21-"
"4Q","591","05:07","4th 5:07 20"
"4Q","592","05:06","4th 5:06 *-"
"4Q","593","05:05","4th-5:05 18-"
"4Q","594","05:04","4th 5:04 ri"""
"4Q","595","05:03","4th 5:03"
"4Q","596","05:02","4th 5:02"
"4Q","597","05:01","4th 5:01"
"4Q","604","04:54","4th 4:54"
"4Q","605","04:53","4th 4:53"
"4Q","606","04:52","4th 4:52"
"4Q","607","04:51","4th 4:51"
"4Q","609","04:49","4th 4:49 21-"
"4Q","610","04:48","4th 4:48 a)"
"4Q","611","04:47","4th 4:47 19"
"4Q","612","04:47","4th 4:47 19"""
"4Q","613","04:47","4th 4:47 19"""
"4Q","614","04:47","4th 4:47 19"""
"4Q","615","04:47","4th 4:47 19"""
"4Q","616","04:47","4th 4:47 19"
"4Q","617","04:47","4th 4:47 19"
"4Q","618","04:47","4th 4:47 19"
"4Q","619","04:47","4th 4:47 19"
"4Q","620","04:47","4th 4:47"
"4Q","621","04:47","4th 4:47"
"4Q","622","04:47","4th 4:47 19"
"4Q","623","04:47","4th 4:47 24"
"4Q","639","04:47","4th 4:47 24"
"4Q","640","04:47","4th 4:47 24"
"4Q","641","04:47","4th 4:47 24"
"4Q","642","04:47","4th 4:47 24"
"4Q","643","04:47","4th 4:47 24"
"4Q","644","04:47","4th 4:47 24"
"4Q","645","04:47","4th 4:47 24"
"4Q","646","04:47","4th 4:47 24"
"4Q","647","04:47","4th 4:47 24"
"4Q","648","04:47","4th 4:47 24"
"4Q","649","04:47","4th 4:47 24"
"4Q","650","04:47","4th 4:47 24"
"4Q","651","04:47","4th 4:47"
"4Q","652","04:47","4th 4:47"
"4Q","653","04:47","4th 4:47 10"
"4Q","654","04:47","4th 4:47 J o"
"4Q","655","04:47","4th 4:47"""
"4Q","656","04:47","4th 4:47°"
"4Q","657","04:47","4th 4:47"
"4Q","658","04:47","4th 4:47"
"4Q","659","04:47","4th 4:47"
"4Q","660","04:47","4th 4:47"
"4Q","661","04:47","4th 4:47 J o"
"4Q","662","04:47","4th 4:47 10"
"4Q","663","04:47","4th 4:47 24"
"4Q","664","04:47","4ei 4th 4:47 24"
"4Q","665","04:47","l<Qr 4th 4:47 24"
"4Q","666","04:47","4th 4:47 24"
"4Q","667","04:46","4th 4:46 23"
"4Q","668","04:45","4th 4:45 22"
"4Q","669","04:44","4th- 4:44- 21"
"4Q","670","04:43","4th 4:43 a)"
"4Q","671","04:42","4th 4:42"
"4Q","672","04:41","4th 4:41"
"4Q","673","04:40","4th 4:40 TI-"
"4Q","674","04:39","4th 4:39 16"
"4Q","675","04:38","4th 4:38"
"4Q","676","04:37","4th 4:37 14-"
"4Q","677","04:36","4th 4:36 f3-"
"4Q","678","04:35","4th 4:35 2"""
"4Q","679","04:34","4th 4:34"
"4Q","680","04:33","4th 4:33 Kl-"
"4Q","681","04:32","4th 4:32"
"4Q","682","04:31","4th 4:31"
"4Q","683","04:30","4th 4:30"
"4Q","686","04:27","4th 4:27 24"
"4Q","687","04:26","4th-4:26 P=,"
"4Q","688","04:25","-4th 4:25 2"""
"4Q","689","04:24","4th 4:24"
"4Q","691","04:22","4th 4:22"
"4Q","692","04:21","4th 4:21"
"4Q","693","04:20","4th 4:20"
"4Q","694","04:19","4th 4:19"
"4Q","695","04:18","4th 4:18"
"4Q","696","04:17","4th 4:17 4:5"
"4Q","697","04:16","4th 4:16 3.4 ."
"4Q","698","04:15","4th 4:15 24"
"4Q","699","04:14","4th 4:14 24"
"4Q","700","04:13","4th 4:13 24"
"4Q","701","04:12","4th 4:12 24"
"4Q","702","04:12","4th 4:12 24"
"4Q","703","04:12","4th 4:12 24"
"4Q","704","04:12",""" 4th 4:12 24"
"4Q","705","04:12","4th 4:12 24"
"4Q","706","04:12","4th 4:12 24"
"4Q","707","04:12","4th 4:12 24"
"4Q","708","04:12","4th 4:12 24"
"4Q","709","04:12","4th 4:12 - 24"
"4Q","710","04:12","4th 4:12 24"
"4Q","711","04:12","4th 4:12 24"
"4Q","712","04:12","4th 4:12 24"
"4Q","713","04:12","4th 4:12 24"
"4Q","714","04:12","4th 4:12 24"
"4Q","715","04:12","4th 4:12 24"
"4Q","716","04:12","4th 4:12 24"
"4Q","717","04:12","4th 4:12 24"
"4Q","718","04:12","4th 4:12 24"
"4Q","719","04:12","4th 4:12 24"
"4Q","720","04:12","4th 4:12 24"
"4Q","721","04:12","4th 4:12 24"
"4Q","722","04:12","4th 4:12 24"
"4Q","723","04:12","4th 4:12 24"
"4Q","724","04:12","4th 4:12 24"
"4Q","725","04:12","4th 4:12 24"
"4Q","726","04:12","4th 4:12 24"
"4Q","727","04:12","4th 4:12 --24"
"4Q","728","04:11","4th 4:11"
"4Q","729","04:10","4th 4:10"
"4Q","731","04:08","4th 4:08 a)"
"4Q","732","04:07","4th- 4:07 19"
"4Q","736","04:03","4th 4:03 %:-"
"4Q","737","04:02","4th - 4:02 14-"
"4Q","738","04:01","4th 4:01"
"4Q","739","04:00","4th-4:00 Q-"
"4Q","740","03:59","4th 3:59"
"4Q","745","03:54","4th 3:54"
"4Q","750","03:49","4th 3:49 23"
"4Q","751","03:48","4th 3:48 22"
"4Q","752","03:47","4th, 3:47 21-"
"4Q","753","03:46","4th 3:46 20"
"4Q","754","03:46","4th 3:46 19-"
"4Q","755","03:44","4th- 3:44 18"
"4Q","756","03:43","4th- 3:43"
"4Q","757","03:42","4th 3:42 16-"
"4Q","758","03:41","4th 3:41"
"4Q","759","03:40","4th 3:40 14"
"4Q","760","03:39","4th 3:39 f3"""
"4Q","761","03:38","4th 3:38 ?"""
"4Q","762","03:37","4th 3:37"
"4Q","763","03:36","4th 3:36 10-"
"4Q","764","03:35","4th 3:35"
"4Q","765","03:34","4th 3:34"
"4Q","766","03:33","4th 3:33"
"4Q","767","03:32","4th 3:32"
"4Q","768","03:31","4th 3:31"
"4Q","769","03:30","4th 3:30 24"
"4Q","770","03:29","4th 3:29 23"
"4Q","771","03:28","4th 3:28 22"
"4Q","772","03:27","4th 3:27"
"4Q","775","03:24","4th 3:24 18"
"4Q","776","03:23","4th 3:23"
"4Q","777","03:22","4th 3:22 16"""
"4Q","778","03:21","4th 3:21"
"4Q","780","03:19","4th 3:19"
"4Q","781","03:18","4th 3:18"
"4Q","782","03:17","4th 3:17"
"4Q","783","03:16","4th 3:16 24"
"4Q","784","03:15","4th 3:15 24"
"4Q","785","03:14","4th 3:14 24"
"4Q","786","03:13","4th 3:13 24"
"4Q","787","03:12","4th 3:12"
"4Q","788","03:11","4th 3:11"
"4Q","789","03:10","4th 3:10 21r"
"4Q","790","03:10","4th 3:10"
"4Q","797","03:02","4th 3:02 t31"
"4Q","798","03:02","4th 3:02"
"4Q","800","02:59","4th 2:59 1J"""
"4Q","801","02:58","4th 2:58"
"4Q","802","02:57","4th 2:57"
"4Q","803","02:56","4th 2:56"
"4Q","804","02:55","4th 2:55"
"4Q","805","02:54","4th 2:54"
"4Q","806","02:53","4th 2:53 -'4.B"
"4Q","807","02:52","4th 2:52 '3.9"
"4Q","808","02:51","4th 2:51 .2.9"
"4Q","809","02:50","4th 2:50 24"
"4Q","810","02:49","4th 2:49 23"
"4Q","811","02:48","4th- 2:48 22"
"4Q","812","02:47","4th 2:47 21°"
"4Q","813","02:46","4th 2:46 aJ"
"4Q","814","02:45","4th 2:45 19 j."
"4Q","815","02:44","4th 2:44 18°"
"4Q","816","02:44","4th 2:44"
"4Q","817","02:42","4th 2:42 16"
"4Q","818","02:42","4th 2:42"
"4Q","819","02:40","4th 2:40 M-"
"4Q","820","02:39","4th 2:39 %1 1"
"4Q","821","02:38","'4th 2:38 2"""
"4Q","822","02:37","4th 2:37"
"4Q","823","02:36","4th 2:36 24"
"4Q","824","02:35","4th 2:35 24"
"4Q","825","02:34","4th 2:34 24"
"4Q","826","02:33","4th 2:33 24"
"4Q","827","02:32","4th 2:32 24"
"4Q","828","02:31","4th 2:31 24"
"4Q","829","02:31","4th 2:31"
"4Q","834","02:25","4th 2:25-"
"4Q","835","02:24","4th 2:24 17"
"4Q","836","02:23","4th 2:23 Trr d"
"4Q","837","02:22","4th 2:22 %r"
"4Q","838","02:21","4th 2:21"
"4Q","839","02:21","4th 2:21 11"
"4Q","840","02:21","4th 2:21"
"4Q","841","02:21","4th 2:21"
"4Q","842","02:21","4th 2:21"
"4Q","843","02:21","4th 2:21"
"4Q","844","02:21","4th 2:21"
"4Q","845","02:21","4th 2:21"
"4Q","871","02:21","IJALI 4th 2:21"
"4Q","872","02:21","4th 2:21"
"4Q","873","02:21","AL Fl 4th 2:21"
"4Q","874","02:21","FIE 4th 2:21"
"4Q","875","02:21","FIER 4th 2:21"
"4Q","876","02:21","FIER 4th 2:21"
"4Q","877","02:21","FIER 4th 2:21"
"4Q","878","02:21","FIE 4th 2:21"
"4Q","879","02:21","UALI 4th 2:21 Fll"
"4Q","880","02:21","QIJAL 4th 2:21"
"4Q","881","02:21","4th 2:21"
"4Q","882","02:21","4th 2:21 14 1"
"4Q","883","02:21","4th 2:21"
"4Q","884","02:21","4th 2:21"
"4Q","885","02:21","4th 2:21"
"4Q","886","02:21","4th 2:21"
"4Q","887","02:21","4th 2:21"
"4Q","888","02:21","4th 2:21"
"4Q","889","02:21","4th 2:21"
"4Q","890","02:21","4th 2:21"
"4Q","891","02:21","4th 2:21"
"4Q","892","02:21","4th 2:21"
"4Q","893","02:21","4th 2:21"
"4Q","894","02:21","4th 2:21"
"4Q","895","02:21","4th 2:21"
"4Q","896","02:21","4th- 2:21"
"4Q","897","02:21","4th 2:21"
"4Q","898","02:21","4th 2:21"
"4Q","899","02:21","4th 2:21"
"4Q","900","02:20","4th 2:20 fl"""
"4Q","901","02:19","4th 2:19"
"4Q","902","02:18","4th 2:18"
"4Q","903","02:17","4th 2:17"
"4Q","904","02:16","4th 2:16"
"4Q","905","02:15","4th 2:15"
"4Q","906","02:14","4th 2:14"
"4Q","907","02:13","4th 2:13"
"4Q","908","02:12","4th 2:12 J 5"
"4Q","909","02:11","4th 2:11 4.4"
"4Q","910","02:10","4th 2:10 - 3.4"
"4Q","914","02:06","4th 2:06- fJ"""
"4Q","915","02:05","4th-2:05 2"
"4Q","916","02:05","4th 2:05"
"4Q","917","02:05","4th 2:05"
"4Q","918","02:05","4th 2:05"
"4Q","919","02:05","4th 2:05"
"4Q","922","02:05","4th 2:05"
"4Q","923","02:05","4th 2:05"
"4Q","924","02:05","4th 2:05"
"4Q","925","02:05","4th 2:05"
"4Q","928","02:05","4th-2:05"
"4Q","929","02:05","4th 2:05"
"4Q","930","02:05","4th 2:05"
"4Q","931","02:05","4th 2:05"
"4Q","932","02:04","4th 2:04"
"4Q","933","02:03","4th 2:03 10"
"4Q","934","02:02","4th 2:02"
"4Q","935","02:01","4th 2:01"
"4Q","936","02:00","4th-2:00"
"4Q","937","01:59","4th 1:59"
"4Q","938","01:58","4th 1:58 J 511"
"4Q","939","01:57","4th 1:57 4.37"
"4Q","940","01:56","4th 1:56 - 32'1"
"4Q","941","01:55","4th 1:55 -.2.2"
"4Q","942","01:54","4th 1:54 J"
"4Q","943","01:53","4th 1:53"
"4Q","944","01:52","4th 1:52 24"
"4Q","945","01:51","4th- 1:51"
"4Q","946","01:50","4th 1:50"
"4Q","947","01:49","4th- 1:49"
"4Q","948","01:48","4th 1:48"
"4Q","949","01:47","4th 1:47"
"4Q","950","01:46","4th 1:46"
"4Q","951","01:45","4th 1:45"
"4Q","952","01:44","4th 1:44"
"4Q","953","01:43","4th 1:43"
"4Q","954","01:42","4th 1:42"
"4Q","955","01:41","4th 1:41"
"4Q","956","01:40","4th 1:40"
"4Q","957","01:39","4th 1:39"
"4Q","958","01:38","4th 1:38"
"4Q","959","01:37","4th 1:37"
"4Q","960","01:36","4th 1:36"
"4Q","961","01:35","4th 1:35"
"4Q","962","01:34","4th 1:34"
"4Q","963","01:33","4th 1:33 15"
"4Q","964","01:32","4th 1:32 4.2"
"4Q","965","01:31","4th 1:31 24"
"4Q","966","01:31","4th 1:31 24"
"4Q","967","01:31","4th 1:31 24"
"4Q","968","01:31","4th 1:31 24"
"4Q","969","01:30","4th 1:30"
"4Q","970","01:29","4th 1:29"
"4Q","971","01:28","4th 1:28"
"4Q","972","01:27","4th 1:27"
"4Q","973","01:26","4th 1:26 wr,"
"4Q","974","01:25","4th 1:25"
"4Q","975","01:24","4th 1:24"
"4Q","976","01:23","4th 1:23"
"4Q","977","01:22","4th 1:22"
"4Q","978","01:21","4th 1:21"
"4Q","979","01:20","4th 1:20"
"4Q","980","01:19","4th 1:19"
"4Q","981","01:18","4th 1:18"
"4Q","983","01:16","4th 1:16"
"4Q","984","01:15","4th 1:15"
"4Q","985","01:14","4th 1:14"
"4Q","986","01:13","4th 1:13"
"4Q","987","01:12","4th 1:12"
"4Q","988","01:11","4th 1:11 21["
"4Q","989","01:10","4th 1:10"
"4Q","990","01:09","4th 1:09"
"4Q","991","01:08","4th 1:08 18"
"4Q","992","01:07","4th 1:07"
"4Q","993","01:06","4th- 1:06 24"
"4Q","994","01:05","4th 1:05 24"
"4Q","995","01:04","4th 1:04 24"
"4Q","996","01:03","4th 1:03"
"4Q","997","01:02","4th 1:02"
"4Q","998","01:01","4th 1:01 21"
"4Q","999","01:01","4th 1:01 24"
"4Q","1000","01:01","4th 1:01 24"
"4Q","1001","01:01","4th 1:01 24"
"4Q","1002","01:01","4th 1:01 24"
"4Q","1003","01:01","4th 1:01 24"
"4Q","1004","01:01","4th 1:01 24"
"4Q","1005","01:01","4th 1:01 24"
"4Q","1006","01:01","4th 1:01 24"
"4Q","1007","01:01","4th 1:01 24"
"4Q","1033","01:01","4th 1:01"
"4Q","1034","01:01","4th 1:01"
"4Q","1035","01:01","4th 1:01"
"4Q","1036","01:01","4th 1:01"
"4Q","1037","01:01","4th 1:01"
"4Q","1038","01:01","4th 1:01"
"4Q","1039","01:01","4th 1:01"
"4Q","1040","01:01","4th 1:01"
"4Q","1041","01:01","4th 1:01"
"4Q","1042","01:01","4th 1:01"
"4Q","1043","01:01","4th 1:01"
"4Q","1045","01:01","4th 1:01"
"4Q","1047","01:01","4th 1:01"
"4Q","1051","01:01","4th 1:01"
"4Q","1052","01:01","4th 1:01"
"4Q","1053","01:01","4th 1:01"
"4Q","1055","01:01","4th 1:01"
"4Q","1056","01:01","4th 1:01"
"4Q","1057","01:01","4th 1:01"
"4Q","1058","01:01","4th 1:01"
"4Q","1059","01:01","4th 1:01"
"4Q","1060","01:01","4th 1:01"
"4Q","1061","01:01","4th 1:01 24"
"4Q","1062","01:01","4th 1:01 24"
"4Q","1063","01:00","4th 1:00"
"4Q","1064","01:00","4th 1:00"